family,hierarchy_flag,implementation,level,level_matrix_nonzeros,level_vertices,plan_bytes_total,plan_operators_total,repeat,run_id,task_id,threads,vertices,workspace_bytes
path,0,matlab,0,299998,100000,0,0,1,20260824T152234Z-a28f802-8111305,1,1,100000,0
path,0,matlab,1,118063,39355,0,0,1,20260824T152234Z-a28f802-8111305,1,1,100000,0
path,0,matlab,2,54196,18066,0,0,4,20260824T152234Z-a28f802-8111305,1,1,100000,0
path,0,matlab,3,9667,3223,0,0,1,20260824T152234Z-a28f802-8111305,1,1,100000,0
path,0,matlab,4,3805,1269,0,0,2,20260824T152234Z-a28f802-8111305,1,1,100000,0
path,0,matlab,5,1753,585,0,0,0,20260824T152234Z-a28f802-8111305,1,1,100000,0
path,0,matlab,0,299998,100000,0,0,1,20260824T152234Z-a28f802-8111305,1,16,100000,0
path,0,matlab,1,118063,39355,0,0,1,20260824T152234Z-a28f802-8111305,1,16,100000,0
path,0,matlab,2,54196,18066,0,0,4,20260824T152234Z-a28f802-8111305,1,16,100000,0
path,0,matlab,3,9667,3223,0,0,1,20260824T152234Z-a28f802-8111305,1,16,100000,0
path,0,matlab,4,3805,1269,0,0,2,20260824T152234Z-a28f802-8111305,1,16,100000,0
path,0,matlab,5,1753,585,0,0,0,20260824T152234Z-a28f802-8111305,1,16,100000,0
path,0,matlab,0,299998,100000,0,0,1,20260824T152234Z-a28f802-8111305,1,2,100000,0
path,0,matlab,1,118063,39355,0,0,1,20260824T152234Z-a28f802-8111305,1,2,100000,0
path,0,matlab,2,54196,18066,0,0,4,20260824T152234Z-a28f802-8111305,1,2,100000,0
path,0,matlab,3,9667,3223,0,0,1,20260824T152234Z-a28f802-8111305,1,2,100000,0
path,0,matlab,4,3805,1269,0,0,2,20260824T152234Z-a28f802-8111305,1,2,100000,0
path,0,matlab,5,1753,585,0,0,0,20260824T152234Z-a28f802-8111305,1,2,100000,0
path,0,matlab,0,299998,100000,0,0,1,20260824T152234Z-a28f802-8111305,1,32,100000,0
path,0,matlab,1,118063,39355,0,0,1,20260824T152234Z-a28f802-8111305,1,32,100000,0
path,0,matlab,2,54196,18066,0,0,4,20260824T152234Z-a28f802-8111305,1,32,100000,0
path,0,matlab,3,9667,3223,0,0,1,20260824T152234Z-a28f802-8111305,1,32,100000,0
path,0,matlab,4,3805,1269,0,0,2,20260824T152234Z-a28f802-8111305,1,32,100000,0
path,0,matlab,5,1753,585,0,0,0,20260824T152234Z-a28f802-8111305,1,32,100000,0
path,0,matlab,0,299998,100000,0,0,1,20260824T152234Z-a28f802-8111305,1,4,100000,0
path,0,matlab,1,118063,39355,0,0,1,20260824T152234Z-a28f802-8111305,1,4,100000,0
path,0,matlab,2,54196,18066,0,0,4,20260824T152234Z-a28f802-8111305,1,4,100000,0
path,0,matlab,3,9667,3223,0,0,1,20260824T152234Z-a28f802-8111305,1,4,100000,0
path,0,matlab,4,3805,1269,0,0,2,20260824T152234Z-a28f802-8111305,1,4,100000,0
path,0,matlab,5,1753,585,0,0,0,20260824T152234Z-a28f802-8111305,1,4,100000,0
path,0,matlab,0,299998,100000,0,0,1,20260824T152234Z-a28f802-8111305,1,8,100000,0
path,0,matlab,1,118063,39355,0,0,1,20260824T152234Z-a28f802-8111305,1,8,100000,0
path,0,matlab,2,54196,18066,0,0,4,20260824T152234Z-a28f802-8111305,1,8,100000,0
path,0,matlab,3,9667,3223,0,0,1,20260824T152234Z-a28f802-8111305,1,8,100000,0
path,0,matlab,4,3805,1269,0,0,2,20260824T152234Z-a28f802-8111305,1,8,100000,0
path,0,matlab,5,1753,585,0,0,0,20260824T152234Z-a28f802-8111305,1,8,100000,0
path,,rust,0,299998,100000,0,0,1,20260824T152234Z-a28f802-8111305,1,1,100000,7909568
path,,rust,1,118063,39355,0,0,1,20260824T152234Z-a28f802-8111305,1,1,100000,7909568
path,,rust,2,54196,18066,0,0,4,20260824T152234Z-a28f802-8111305,1,1,100000,7909568
path,,rust,3,9667,3223,0,0,1,20260824T152234Z-a28f802-8111305,1,1,100000,7909568
path,,rust,4,3805,1269,0,0,2,20260824T152234Z-a28f802-8111305,1,1,100000,7909568
path,,rust,5,1756,586,0,0,0,20260824T152234Z-a28f802-8111305,1,1,100000,7909568
path,,rust,0,299998,100000,0,0,1,20260824T152234Z-a28f802-8111305,1,16,100000,7909568
path,,rust,1,118063,39355,0,0,1,20260824T152234Z-a28f802-8111305,1,16,100000,7909568
path,,rust,2,54196,18066,0,0,4,20260824T152234Z-a28f802-8111305,1,16,100000,7909568
path,,rust,3,9667,3223,0,0,1,20260824T152234Z-a28f802-8111305,1,16,100000,7909568
path,,rust,4,3805,1269,0,0,2,20260824T152234Z-a28f802-8111305,1,16,100000,7909568
path,,rust,5,1756,586,0,0,0,20260824T152234Z-a28f802-8111305,1,16,100000,7909568
path,,rust,0,299998,100000,0,0,1,20260824T152234Z-a28f802-8111305,1,2,100000,7909568
path,,rust,1,118063,39355,0,0,1,20260824T152234Z-a28f802-8111305,1,2,100000,7909568
path,,rust,2,54196,18066,0,0,4,20260824T152234Z-a28f802-8111305,1,2,100000,7909568
path,,rust,3,9667,3223,0,0,1,20260824T152234Z-a28f802-8111305,1,2,100000,7909568
path,,rust,4,3805,1269,0,0,2,20260824T152234Z-a28f802-8111305,1,2,100000,7909568
path,,rust,5,1756,586,0,0,0,20260824T152234Z-a28f802-8111305,1,2,100000,7909568
path,,rust,0,299998,100000,0,0,1,20260824T152234Z-a28f802-8111305,1,32,100000,7909568
path,,rust,1,118063,39355,0,0,1,20260824T152234Z-a28f802-8111305,1,32,100000,7909568
path,,rust,2,54196,18066,0,0,4,20260824T152234Z-a28f802-8111305,1,32,100000,7909568
path,,rust,3,9667,3223,0,0,1,20260824T152234Z-a28f802-8111305,1,32,100000,7909568
path,,rust,4,3805,1269,0,0,2,20260824T152234Z-a28f802-8111305,1,32,100000,7909568
path,,rust,5,1756,586,0,0,0,20260824T152234Z-a28f802-8111305,1,32,100000,7909568
path,,rust,0,299998,100000,0,0,1,20260824T152234Z-a28f802-8111305,1,4,100000,7909568
path,,rust,1,118063,39355,0,0,1,20260824T152234Z-a28f802-8111305,1,4,100000,7909568
path,,rust,2,54196,18066,0,0,4,20260824T152234Z-a28f802-8111305,1,4,100000,7909568
path,,rust,3,9667,3223,0,0,1,20260824T152234Z-a28f802-8111305,1,4,100000,7909568
path,,rust,4,3805,1269,0,0,2,20260824T152234Z-a28f802-8111305,1,4,100000,7909568
path,,rust,5,1756,586,0,0,0,20260824T152234Z-a28f802-8111305,1,4,100000,7909568
path,,rust,0,299998,100000,0,0,1,20260824T152234Z-a28f802-8111305,1,8,100000,7909568
path,,rust,1,118063,39355,0,0,1,20260824T152234Z-a28f802-8111305,1,8,100000,7909568
path,,rust,2,54196,18066,0,0,4,20260824T152234Z-a28f802-8111305,1,8,100000,7909568
path,,rust,3,9667,3223,0,0,1,20260824T152234Z-a28f802-8111305,1,8,100000,7909568
path,,rust,4,3805,1269,0,0,2,20260824T152234Z-a28f802-8111305,1,8,100000,7909568
path,,rust,5,1756,586,0,0,0,20260824T152234Z-a28f802-8111305,1,8,100000,7909568
dense-worker-firm,3,matlab,0,1699956.0,100000,0,0,1,20260824T152234Z-a28f802-8111305,10,1,100000,0
dense-worker-firm,3,matlab,1,1552378.0,54006,0,0,1,20260824T152234Z-a28f802-8111305,10,1,100000,0
dense-worker-firm,3,matlab,2,1482711.0,39119,0,0,1,20260824T152234Z-a28f802-8111305,10,1,100000,0
dense-worker-firm,3,matlab,3,1444126.0,33850,0,0,1,20260824T152234Z-a28f802-8111305,10,1,100000,0
dense-worker-firm,3,matlab,4,1421021.0,31781,0,0,1,20260824T152234Z-a28f802-8111305,10,1,100000,0
dense-worker-firm,3,matlab,5,1401879.0,30697,0,0,0,20260824T152234Z-a28f802-8111305,10,1,100000,0
dense-worker-firm,3,matlab,0,1699956.0,100000,0,0,1,20260824T152234Z-a28f802-8111305,10,16,100000,0
dense-worker-firm,3,matlab,1,1552378.0,54006,0,0,1,20260824T152234Z-a28f802-8111305,10,16,100000,0
dense-worker-firm,3,matlab,2,1482711.0,39119,0,0,1,20260824T152234Z-a28f802-8111305,10,16,100000,0
dense-worker-firm,3,matlab,3,1444126.0,33850,0,0,1,20260824T152234Z-a28f802-8111305,10,16,100000,0
dense-worker-firm,3,matlab,4,1421021.0,31781,0,0,1,20260824T152234Z-a28f802-8111305,10,16,100000,0
dense-worker-firm,3,matlab,5,1401879.0,30697,0,0,0,20260824T152234Z-a28f802-8111305,10,16,100000,0
dense-worker-firm,3,matlab,0,1699956.0,100000,0,0,1,20260824T152234Z-a28f802-8111305,10,2,100000,0
dense-worker-firm,3,matlab,1,1552378.0,54006,0,0,1,20260824T152234Z-a28f802-8111305,10,2,100000,0
dense-worker-firm,3,matlab,2,1482711.0,39119,0,0,1,20260824T152234Z-a28f802-8111305,10,2,100000,0
dense-worker-firm,3,matlab,3,1444126.0,33850,0,0,1,20260824T152234Z-a28f802-8111305,10,2,100000,0
dense-worker-firm,3,matlab,4,1421021.0,31781,0,0,1,20260824T152234Z-a28f802-8111305,10,2,100000,0
dense-worker-firm,3,matlab,5,1401879.0,30697,0,0,0,20260824T152234Z-a28f802-8111305,10,2,100000,0
dense-worker-firm,3,matlab,0,1699956.0,100000,0,0,1,20260824T152234Z-a28f802-8111305,10,32,100000,0
dense-worker-firm,3,matlab,1,1552378.0,54006,0,0,1,20260824T152234Z-a28f802-8111305,10,32,100000,0
dense-worker-firm,3,matlab,2,1482711.0,39119,0,0,1,20260824T152234Z-a28f802-8111305,10,32,100000,0
dense-worker-firm,3,matlab,3,1444126.0,33850,0,0,1,20260824T152234Z-a28f802-8111305,10,32,100000,0
dense-worker-firm,3,matlab,4,1421021.0,31781,0,0,1,20260824T152234Z-a28f802-8111305,10,32,100000,0
dense-worker-firm,3,matlab,5,1401879.0,30697,0,0,0,20260824T152234Z-a28f802-8111305,10,32,100000,0
dense-worker-firm,3,matlab,0,1699956.0,100000,0,0,1,20260824T152234Z-a28f802-8111305,10,4,100000,0
dense-worker-firm,3,matlab,1,1552378.0,54006,0,0,1,20260824T152234Z-a28f802-8111305,10,4,100000,0
dense-worker-firm,3,matlab,2,1482711.0,39119,0,0,1,20260824T152234Z-a28f802-8111305,10,4,100000,0
dense-worker-firm,3,matlab,3,1444126.0,33850,0,0,1,20260824T152234Z-a28f802-8111305,10,4,100000,0
dense-worker-firm,3,matlab,4,1421021.0,31781,0,0,1,20260824T152234Z-a28f802-8111305,10,4,100000,0
dense-worker-firm,3,matlab,5,1401879.0,30697,0,0,0,20260824T152234Z-a28f802-8111305,10,4,100000,0
dense-worker-firm,3,matlab,0,1699956.0,100000,0,0,1,20260824T152234Z-a28f802-8111305,10,8,100000,0
dense-worker-firm,3,matlab,1,1552378.0,54006,0,0,1,20260824T152234Z-a28f802-8111305,10,8,100000,0
dense-worker-firm,3,matlab,2,1482711.0,39119,0,0,1,20260824T152234Z-a28f802-8111305,10,8,100000,0
dense-worker-firm,3,matlab,3,1444126.0,33850,0,0,1,20260824T152234Z-a28f802-8111305,10,8,100000,0
dense-worker-firm,3,matlab,4,1421021.0,31781,0,0,1,20260824T152234Z-a28f802-8111305,10,8,100000,0
dense-worker-firm,3,matlab,5,1401879.0,30697,0,0,0,20260824T152234Z-a28f802-8111305,10,8,100000,0
dense-worker-firm,,rust,0,1699956,100000,0,0,1,20260824T152234Z-a28f802-8111305,10,1,100000,10947104
dense-worker-firm,,rust,1,1552378,54006,0,0,1,20260824T152234Z-a28f802-8111305,10,1,100000,10947104
dense-worker-firm,,rust,2,1482711,39119,0,0,1,20260824T152234Z-a28f802-8111305,10,1,100000,10947104
dense-worker-firm,,rust,3,1444126,33850,0,0,1,20260824T152234Z-a28f802-8111305,10,1,100000,10947104
dense-worker-firm,,rust,4,1421021,31781,0,0,1,20260824T152234Z-a28f802-8111305,10,1,100000,10947104
dense-worker-firm,,rust,5,1401879,30697,0,0,0,20260824T152234Z-a28f802-8111305,10,1,100000,10947104
dense-worker-firm,,rust,0,1699956,100000,89132276,5,1,20260824T152234Z-a28f802-8111305,10,16,100000,10947104
dense-worker-firm,,rust,1,1552378,54006,89132276,5,1,20260824T152234Z-a28f802-8111305,10,16,100000,10947104
dense-worker-firm,,rust,2,1482711,39119,89132276,5,1,20260824T152234Z-a28f802-8111305,10,16,100000,10947104
dense-worker-firm,,rust,3,1444126,33850,89132276,5,1,20260824T152234Z-a28f802-8111305,10,16,100000,10947104
dense-worker-firm,,rust,4,1421021,31781,89132276,5,1,20260824T152234Z-a28f802-8111305,10,16,100000,10947104
dense-worker-firm,,rust,5,1401879,30697,89132276,5,0,20260824T152234Z-a28f802-8111305,10,16,100000,10947104
dense-worker-firm,,rust,0,1699956,100000,89132276,5,1,20260824T152234Z-a28f802-8111305,10,2,100000,10947104
dense-worker-firm,,rust,1,1552378,54006,89132276,5,1,20260824T152234Z-a28f802-8111305,10,2,100000,10947104
dense-worker-firm,,rust,2,1482711,39119,89132276,5,1,20260824T152234Z-a28f802-8111305,10,2,100000,10947104
dense-worker-firm,,rust,3,1444126,33850,89132276,5,1,20260824T152234Z-a28f802-8111305,10,2,100000,10947104
dense-worker-firm,,rust,4,1421021,31781,89132276,5,1,20260824T152234Z-a28f802-8111305,10,2,100000,10947104
dense-worker-firm,,rust,5,1401879,30697,89132276,5,0,20260824T152234Z-a28f802-8111305,10,2,100000,10947104
dense-worker-firm,,rust,0,1699956,100000,89132276,5,1,20260824T152234Z-a28f802-8111305,10,32,100000,10947104
dense-worker-firm,,rust,1,1552378,54006,89132276,5,1,20260824T152234Z-a28f802-8111305,10,32,100000,10947104
dense-worker-firm,,rust,2,1482711,39119,89132276,5,1,20260824T152234Z-a28f802-8111305,10,32,100000,10947104
dense-worker-firm,,rust,3,1444126,33850,89132276,5,1,20260824T152234Z-a28f802-8111305,10,32,100000,10947104
dense-worker-firm,,rust,4,1421021,31781,89132276,5,1,20260824T152234Z-a28f802-8111305,10,32,100000,10947104
dense-worker-firm,,rust,5,1401879,30697,89132276,5,0,20260824T152234Z-a28f802-8111305,10,32,100000,10947104
dense-worker-firm,,rust,0,1699956,100000,89132276,5,1,20260824T152234Z-a28f802-8111305,10,4,100000,10947104
dense-worker-firm,,rust,1,1552378,54006,89132276,5,1,20260824T152234Z-a28f802-8111305,10,4,100000,10947104
dense-worker-firm,,rust,2,1482711,39119,89132276,5,1,20260824T152234Z-a28f802-8111305,10,4,100000,10947104
dense-worker-firm,,rust,3,1444126,33850,89132276,5,1,20260824T152234Z-a28f802-8111305,10,4,100000,10947104
dense-worker-firm,,rust,4,1421021,31781,89132276,5,1,20260824T152234Z-a28f802-8111305,10,4,100000,10947104
dense-worker-firm,,rust,5,1401879,30697,89132276,5,0,20260824T152234Z-a28f802-8111305,10,4,100000,10947104
dense-worker-firm,,rust,0,1699956,100000,89132276,5,1,20260824T152234Z-a28f802-8111305,10,8,100000,10947104
dense-worker-firm,,rust,1,1552378,54006,89132276,5,1,20260824T152234Z-a28f802-8111305,10,8,100000,10947104
dense-worker-firm,,rust,2,1482711,39119,89132276,5,1,20260824T152234Z-a28f802-8111305,10,8,100000,10947104
dense-worker-firm,,rust,3,1444126,33850,89132276,5,1,20260824T152234Z-a28f802-8111305,10,8,100000,10947104
dense-worker-firm,,rust,4,1421021,31781,89132276,5,1,20260824T152234Z-a28f802-8111305,10,8,100000,10947104
dense-worker-firm,,rust,5,1401879,30697,89132276,5,0,20260824T152234Z-a28f802-8111305,10,8,100000,10947104
dense-worker-firm,3,matlab,0,5099948.0,300000,0,0,1,20260824T152234Z-a28f802-8111305,11,1,300000,0
dense-worker-firm,3,matlab,1,4610585.0,149893,0,0,1,20260824T152234Z-a28f802-8111305,11,1,300000,0
dense-worker-firm,3,matlab,2,4405315.0,112279,0,0,1,20260824T152234Z-a28f802-8111305,11,1,300000,0
dense-worker-firm,3,matlab,3,4273033.0,96537,0,0,1,20260824T152234Z-a28f802-8111305,11,1,300000,0
dense-worker-firm,3,matlab,4,4197030.0,90862,0,0,1,20260824T152234Z-a28f802-8111305,11,1,300000,0
dense-worker-firm,3,matlab,5,4135504.0,87380,0,0,0,20260824T152234Z-a28f802-8111305,11,1,300000,0
dense-worker-firm,3,matlab,0,5099948.0,300000,0,0,1,20260824T152234Z-a28f802-8111305,11,16,300000,0
dense-worker-firm,3,matlab,1,4610585.0,149893,0,0,1,20260824T152234Z-a28f802-8111305,11,16,300000,0
dense-worker-firm,3,matlab,2,4405315.0,112279,0,0,1,20260824T152234Z-a28f802-8111305,11,16,300000,0
dense-worker-firm,3,matlab,3,4273033.0,96537,0,0,1,20260824T152234Z-a28f802-8111305,11,16,300000,0
dense-worker-firm,3,matlab,4,4197030.0,90862,0,0,1,20260824T152234Z-a28f802-8111305,11,16,300000,0
dense-worker-firm,3,matlab,5,4135504.0,87380,0,0,0,20260824T152234Z-a28f802-8111305,11,16,300000,0
dense-worker-firm,3,matlab,0,5099948.0,300000,0,0,1,20260824T152234Z-a28f802-8111305,11,2,300000,0
dense-worker-firm,3,matlab,1,4610585.0,149893,0,0,1,20260824T152234Z-a28f802-8111305,11,2,300000,0
dense-worker-firm,3,matlab,2,4405315.0,112279,0,0,1,20260824T152234Z-a28f802-8111305,11,2,300000,0
dense-worker-firm,3,matlab,3,4273033.0,96537,0,0,1,20260824T152234Z-a28f802-8111305,11,2,300000,0
dense-worker-firm,3,matlab,4,4197030.0,90862,0,0,1,20260824T152234Z-a28f802-8111305,11,2,300000,0
dense-worker-firm,3,matlab,5,4135504.0,87380,0,0,0,20260824T152234Z-a28f802-8111305,11,2,300000,0
dense-worker-firm,3,matlab,0,5099948.0,300000,0,0,1,20260824T152234Z-a28f802-8111305,11,32,300000,0
dense-worker-firm,3,matlab,1,4610585.0,149893,0,0,1,20260824T152234Z-a28f802-8111305,11,32,300000,0
dense-worker-firm,3,matlab,2,4405315.0,112279,0,0,1,20260824T152234Z-a28f802-8111305,11,32,300000,0
dense-worker-firm,3,matlab,3,4273033.0,96537,0,0,1,20260824T152234Z-a28f802-8111305,11,32,300000,0
dense-worker-firm,3,matlab,4,4197030.0,90862,0,0,1,20260824T152234Z-a28f802-8111305,11,32,300000,0
dense-worker-firm,3,matlab,5,4135504.0,87380,0,0,0,20260824T152234Z-a28f802-8111305,11,32,300000,0
dense-worker-firm,3,matlab,0,5099948.0,300000,0,0,1,20260824T152234Z-a28f802-8111305,11,4,300000,0
dense-worker-firm,3,matlab,1,4610585.0,149893,0,0,1,20260824T152234Z-a28f802-8111305,11,4,300000,0
dense-worker-firm,3,matlab,2,4405315.0,112279,0,0,1,20260824T152234Z-a28f802-8111305,11,4,300000,0
dense-worker-firm,3,matlab,3,4273033.0,96537,0,0,1,20260824T152234Z-a28f802-8111305,11,4,300000,0
dense-worker-firm,3,matlab,4,4197030.0,90862,0,0,1,20260824T152234Z-a28f802-8111305,11,4,300000,0
dense-worker-firm,3,matlab,5,4135504.0,87380,0,0,0,20260824T152234Z-a28f802-8111305,11,4,300000,0
dense-worker-firm,3,matlab,0,5099948.0,300000,0,0,1,20260824T152234Z-a28f802-8111305,11,8,300000,0
dense-worker-firm,3,matlab,1,4610585.0,149893,0,0,1,20260824T152234Z-a28f802-8111305,11,8,300000,0
dense-worker-firm,3,matlab,2,4405315.0,112279,0,0,1,20260824T152234Z-a28f802-8111305,11,8,300000,0
dense-worker-firm,3,matlab,3,4273033.0,96537,0,0,1,20260824T152234Z-a28f802-8111305,11,8,300000,0
dense-worker-firm,3,matlab,4,4197030.0,90862,0,0,1,20260824T152234Z-a28f802-8111305,11,8,300000,0
dense-worker-firm,3,matlab,5,4135504.0,87380,0,0,0,20260824T152234Z-a28f802-8111305,11,8,300000,0
dense-worker-firm,,rust,0,5099948,300000,0,0,1,20260824T152234Z-a28f802-8111305,11,1,300000,32087056
dense-worker-firm,,rust,1,4610585,149893,0,0,1,20260824T152234Z-a28f802-8111305,11,1,300000,32087056
dense-worker-firm,,rust,2,4405315,112279,0,0,1,20260824T152234Z-a28f802-8111305,11,1,300000,32087056
dense-worker-firm,,rust,3,4273033,96537,0,0,1,20260824T152234Z-a28f802-8111305,11,1,300000,32087056
dense-worker-firm,,rust,4,4197030,90862,0,0,1,20260824T152234Z-a28f802-8111305,11,1,300000,32087056
dense-worker-firm,,rust,5,4135504,87380,0,0,0,20260824T152234Z-a28f802-8111305,11,1,300000,32087056
dense-worker-firm,,rust,0,5099948,300000,265034384,5,1,20260824T152234Z-a28f802-8111305,11,16,300000,32087056
dense-worker-firm,,rust,1,4610585,149893,265034384,5,1,20260824T152234Z-a28f802-8111305,11,16,300000,32087056
dense-worker-firm,,rust,2,4405315,112279,265034384,5,1,20260824T152234Z-a28f802-8111305,11,16,300000,32087056
dense-worker-firm,,rust,3,4273033,96537,265034384,5,1,20260824T152234Z-a28f802-8111305,11,16,300000,32087056
dense-worker-firm,,rust,4,4197030,90862,265034384,5,1,20260824T152234Z-a28f802-8111305,11,16,300000,32087056
dense-worker-firm,,rust,5,4135504,87380,265034384,5,0,20260824T152234Z-a28f802-8111305,11,16,300000,32087056
dense-worker-firm,,rust,0,5099948,300000,265034384,5,1,20260824T152234Z-a28f802-8111305,11,2,300000,32087056
dense-worker-firm,,rust,1,4610585,149893,265034384,5,1,20260824T152234Z-a28f802-8111305,11,2,300000,32087056
dense-worker-firm,,rust,2,4405315,112279,265034384,5,1,20260824T152234Z-a28f802-8111305,11,2,300000,32087056
dense-worker-firm,,rust,3,4273033,96537,265034384,5,1,20260824T152234Z-a28f802-8111305,11,2,300000,32087056
dense-worker-firm,,rust,4,4197030,90862,265034384,5,1,20260824T152234Z-a28f802-8111305,11,2,300000,32087056
dense-worker-firm,,rust,5,4135504,87380,265034384,5,0,20260824T152234Z-a28f802-8111305,11,2,300000,32087056
dense-worker-firm,,rust,0,5099948,300000,265034384,5,1,20260824T152234Z-a28f802-8111305,11,32,300000,32087056
dense-worker-firm,,rust,1,4610585,149893,265034384,5,1,20260824T152234Z-a28f802-8111305,11,32,300000,32087056
dense-worker-firm,,rust,2,4405315,112279,265034384,5,1,20260824T152234Z-a28f802-8111305,11,32,300000,32087056
dense-worker-firm,,rust,3,4273033,96537,265034384,5,1,20260824T152234Z-a28f802-8111305,11,32,300000,32087056
dense-worker-firm,,rust,4,4197030,90862,265034384,5,1,20260824T152234Z-a28f802-8111305,11,32,300000,32087056
dense-worker-firm,,rust,5,4135504,87380,265034384,5,0,20260824T152234Z-a28f802-8111305,11,32,300000,32087056
dense-worker-firm,,rust,0,5099948,300000,265034384,5,1,20260824T152234Z-a28f802-8111305,11,4,300000,32087056
dense-worker-firm,,rust,1,4610585,149893,265034384,5,1,20260824T152234Z-a28f802-8111305,11,4,300000,32087056
dense-worker-firm,,rust,2,4405315,112279,265034384,5,1,20260824T152234Z-a28f802-8111305,11,4,300000,32087056
dense-worker-firm,,rust,3,4273033,96537,265034384,5,1,20260824T152234Z-a28f802-8111305,11,4,300000,32087056
dense-worker-firm,,rust,4,4197030,90862,265034384,5,1,20260824T152234Z-a28f802-8111305,11,4,300000,32087056
dense-worker-firm,,rust,5,4135504,87380,265034384,5,0,20260824T152234Z-a28f802-8111305,11,4,300000,32087056
dense-worker-firm,,rust,0,5099948,300000,265034384,5,1,20260824T152234Z-a28f802-8111305,11,8,300000,32087056
dense-worker-firm,,rust,1,4610585,149893,265034384,5,1,20260824T152234Z-a28f802-8111305,11,8,300000,32087056
dense-worker-firm,,rust,2,4405315,112279,265034384,5,1,20260824T152234Z-a28f802-8111305,11,8,300000,32087056
dense-worker-firm,,rust,3,4273033,96537,265034384,5,1,20260824T152234Z-a28f802-8111305,11,8,300000,32087056
dense-worker-firm,,rust,4,4197030,90862,265034384,5,1,20260824T152234Z-a28f802-8111305,11,8,300000,32087056
dense-worker-firm,,rust,5,4135504,87380,265034384,5,0,20260824T152234Z-a28f802-8111305,11,8,300000,32087056
dense-worker-firm,3,matlab,0,16999956.0,1000000.0,0,0,1,20260824T152234Z-a28f802-8111305,12,1,1000000.0,0
dense-worker-firm,3,matlab,1,15487049.0,537979,0,0,1,20260824T152234Z-a28f802-8111305,12,1,1000000.0,0
dense-worker-firm,3,matlab,2,14787217.0,392061,0,0,1,20260824T152234Z-a28f802-8111305,12,1,1000000.0,0
dense-worker-firm,3,matlab,3,14418457.0,340193,0,0,1,20260824T152234Z-a28f802-8111305,12,1,1000000.0,0
dense-worker-firm,3,matlab,4,14208743.0,320031,0,0,1,20260824T152234Z-a28f802-8111305,12,1,1000000.0,0
dense-worker-firm,3,matlab,5,14069670.0,310702,0,0,0,20260824T152234Z-a28f802-8111305,12,1,1000000.0,0
dense-worker-firm,3,matlab,0,16999956.0,1000000.0,0,0,1,20260824T152234Z-a28f802-8111305,12,16,1000000.0,0
dense-worker-firm,3,matlab,1,15487049.0,537979,0,0,1,20260824T152234Z-a28f802-8111305,12,16,1000000.0,0
dense-worker-firm,3,matlab,2,14787217.0,392061,0,0,1,20260824T152234Z-a28f802-8111305,12,16,1000000.0,0
dense-worker-firm,3,matlab,3,14418457.0,340193,0,0,1,20260824T152234Z-a28f802-8111305,12,16,1000000.0,0
dense-worker-firm,3,matlab,4,14208743.0,320031,0,0,1,20260824T152234Z-a28f802-8111305,12,16,1000000.0,0
dense-worker-firm,3,matlab,5,14069670.0,310702,0,0,0,20260824T152234Z-a28f802-8111305,12,16,1000000.0,0
dense-worker-firm,3,matlab,0,16999956.0,1000000.0,0,0,1,20260824T152234Z-a28f802-8111305,12,2,1000000.0,0
dense-worker-firm,3,matlab,1,15487049.0,537979,0,0,1,20260824T152234Z-a28f802-8111305,12,2,1000000.0,0
dense-worker-firm,3,matlab,2,14787217.0,392061,0,0,1,20260824T152234Z-a28f802-8111305,12,2,1000000.0,0
dense-worker-firm,3,matlab,3,14418457.0,340193,0,0,1,20260824T152234Z-a28f802-8111305,12,2,1000000.0,0
dense-worker-firm,3,matlab,4,14208743.0,320031,0,0,1,20260824T152234Z-a28f802-8111305,12,2,1000000.0,0
dense-worker-firm,3,matlab,5,14069670.0,310702,0,0,0,20260824T152234Z-a28f802-8111305,12,2,1000000.0,0
dense-worker-firm,3,matlab,0,16999956.0,1000000.0,0,0,1,20260824T152234Z-a28f802-8111305,12,32,1000000.0,0
dense-worker-firm,3,matlab,1,15487049.0,537979,0,0,1,20260824T152234Z-a28f802-8111305,12,32,1000000.0,0
dense-worker-firm,3,matlab,2,14787217.0,392061,0,0,1,20260824T152234Z-a28f802-8111305,12,32,1000000.0,0
dense-worker-firm,3,matlab,3,14418457.0,340193,0,0,1,20260824T152234Z-a28f802-8111305,12,32,1000000.0,0
dense-worker-firm,3,matlab,4,14208743.0,320031,0,0,1,20260824T152234Z-a28f802-8111305,12,32,1000000.0,0
dense-worker-firm,3,matlab,5,14069670.0,310702,0,0,0,20260824T152234Z-a28f802-8111305,12,32,1000000.0,0
dense-worker-firm,3,matlab,0,16999956.0,1000000.0,0,0,1,20260824T152234Z-a28f802-8111305,12,4,1000000.0,0
dense-worker-firm,3,matlab,1,15487049.0,537979,0,0,1,20260824T152234Z-a28f802-8111305,12,4,1000000.0,0
dense-worker-firm,3,matlab,2,14787217.0,392061,0,0,1,20260824T152234Z-a28f802-8111305,12,4,1000000.0,0
dense-worker-firm,3,matlab,3,14418457.0,340193,0,0,1,20260824T152234Z-a28f802-8111305,12,4,1000000.0,0
dense-worker-firm,3,matlab,4,14208743.0,320031,0,0,1,20260824T152234Z-a28f802-8111305,12,4,1000000.0,0
dense-worker-firm,3,matlab,5,14069670.0,310702,0,0,0,20260824T152234Z-a28f802-8111305,12,4,1000000.0,0
dense-worker-firm,3,matlab,0,16999956.0,1000000.0,0,0,1,20260824T152234Z-a28f802-8111305,12,8,1000000.0,0
dense-worker-firm,3,matlab,1,15487049.0,537979,0,0,1,20260824T152234Z-a28f802-8111305,12,8,1000000.0,0
dense-worker-firm,3,matlab,2,14787217.0,392061,0,0,1,20260824T152234Z-a28f802-8111305,12,8,1000000.0,0
dense-worker-firm,3,matlab,3,14418457.0,340193,0,0,1,20260824T152234Z-a28f802-8111305,12,8,1000000.0,0
dense-worker-firm,3,matlab,4,14208743.0,320031,0,0,1,20260824T152234Z-a28f802-8111305,12,8,1000000.0,0
dense-worker-firm,3,matlab,5,14069670.0,310702,0,0,0,20260824T152234Z-a28f802-8111305,12,8,1000000.0,0
dense-worker-firm,,rust,0,16999956,1000000,0,0,1,20260824T152234Z-a28f802-8111305,12,1,1000000,109623416
dense-worker-firm,,rust,1,15487049,537979,0,0,1,20260824T152234Z-a28f802-8111305,12,1,1000000,109623416
dense-worker-firm,,rust,2,14787217,392061,0,0,1,20260824T152234Z-a28f802-8111305,12,1,1000000,109623416
dense-worker-firm,,rust,3,14418457,340193,0,0,1,20260824T152234Z-a28f802-8111305,12,1,1000000,109623416
dense-worker-firm,,rust,4,14208743,320031,0,0,1,20260824T152234Z-a28f802-8111305,12,1,1000000,109623416
dense-worker-firm,,rust,5,14069670,310702,0,0,0,20260824T152234Z-a28f802-8111305,12,1,1000000,109623416
dense-worker-firm,,rust,0,16999956,1000000,890094972,5,1,20260824T152234Z-a28f802-8111305,12,16,1000000,109623416
dense-worker-firm,,rust,1,15487049,537979,890094972,5,1,20260824T152234Z-a28f802-8111305,12,16,1000000,109623416
dense-worker-firm,,rust,2,14787217,392061,890094972,5,1,20260824T152234Z-a28f802-8111305,12,16,1000000,109623416
dense-worker-firm,,rust,3,14418457,340193,890094972,5,1,20260824T152234Z-a28f802-8111305,12,16,1000000,109623416
dense-worker-firm,,rust,4,14208743,320031,890094972,5,1,20260824T152234Z-a28f802-8111305,12,16,1000000,109623416
dense-worker-firm,,rust,5,14069670,310702,890094972,5,0,20260824T152234Z-a28f802-8111305,12,16,1000000,109623416
dense-worker-firm,,rust,0,16999956,1000000,890094972,5,1,20260824T152234Z-a28f802-8111305,12,2,1000000,109623416
dense-worker-firm,,rust,1,15487049,537979,890094972,5,1,20260824T152234Z-a28f802-8111305,12,2,1000000,109623416
dense-worker-firm,,rust,2,14787217,392061,890094972,5,1,20260824T152234Z-a28f802-8111305,12,2,1000000,109623416
dense-worker-firm,,rust,3,14418457,340193,890094972,5,1,20260824T152234Z-a28f802-8111305,12,2,1000000,109623416
dense-worker-firm,,rust,4,14208743,320031,890094972,5,1,20260824T152234Z-a28f802-8111305,12,2,1000000,109623416
dense-worker-firm,,rust,5,14069670,310702,890094972,5,0,20260824T152234Z-a28f802-8111305,12,2,1000000,109623416
dense-worker-firm,,rust,0,16999956,1000000,890094972,5,1,20260824T152234Z-a28f802-8111305,12,32,1000000,109623416
dense-worker-firm,,rust,1,15487049,537979,890094972,5,1,20260824T152234Z-a28f802-8111305,12,32,1000000,109623416
dense-worker-firm,,rust,2,14787217,392061,890094972,5,1,20260824T152234Z-a28f802-8111305,12,32,1000000,109623416
dense-worker-firm,,rust,3,14418457,340193,890094972,5,1,20260824T152234Z-a28f802-8111305,12,32,1000000,109623416
dense-worker-firm,,rust,4,14208743,320031,890094972,5,1,20260824T152234Z-a28f802-8111305,12,32,1000000,109623416
dense-worker-firm,,rust,5,14069670,310702,890094972,5,0,20260824T152234Z-a28f802-8111305,12,32,1000000,109623416
dense-worker-firm,,rust,0,16999956,1000000,890094972,5,1,20260824T152234Z-a28f802-8111305,12,4,1000000,109623416
dense-worker-firm,,rust,1,15487049,537979,890094972,5,1,20260824T152234Z-a28f802-8111305,12,4,1000000,109623416
dense-worker-firm,,rust,2,14787217,392061,890094972,5,1,20260824T152234Z-a28f802-8111305,12,4,1000000,109623416
dense-worker-firm,,rust,3,14418457,340193,890094972,5,1,20260824T152234Z-a28f802-8111305,12,4,1000000,109623416
dense-worker-firm,,rust,4,14208743,320031,890094972,5,1,20260824T152234Z-a28f802-8111305,12,4,1000000,109623416
dense-worker-firm,,rust,5,14069670,310702,890094972,5,0,20260824T152234Z-a28f802-8111305,12,4,1000000,109623416
dense-worker-firm,,rust,0,16999956,1000000,890094972,5,1,20260824T152234Z-a28f802-8111305,12,8,1000000,109623416
dense-worker-firm,,rust,1,15487049,537979,890094972,5,1,20260824T152234Z-a28f802-8111305,12,8,1000000,109623416
dense-worker-firm,,rust,2,14787217,392061,890094972,5,1,20260824T152234Z-a28f802-8111305,12,8,1000000,109623416
dense-worker-firm,,rust,3,14418457,340193,890094972,5,1,20260824T152234Z-a28f802-8111305,12,8,1000000,109623416
dense-worker-firm,,rust,4,14208743,320031,890094972,5,1,20260824T152234Z-a28f802-8111305,12,8,1000000,109623416
dense-worker-firm,,rust,5,14069670,310702,890094972,5,0,20260824T152234Z-a28f802-8111305,12,8,1000000,109623416
weak-community,0,matlab,0,494942,100000,0,0,1,20260824T152234Z-a28f802-8111305,13,1,100000,0
weak-community,0,matlab,1,199100,29514,0,0,4,20260824T152234Z-a28f802-8111305,13,1,100000,0
weak-community,0,matlab,2,36954,5700,0,0,2,20260824T152234Z-a28f802-8111305,13,1,100000,0
weak-community,0,matlab,3,9773,1557,0,0,2,20260824T152234Z-a28f802-8111305,13,1,100000,0
weak-community,0,matlab,4,1703,317,0,0,0,20260824T152234Z-a28f802-8111305,13,1,100000,0
weak-community,0,matlab,0,494942,100000,0,0,1,20260824T152234Z-a28f802-8111305,13,16,100000,0
weak-community,0,matlab,1,199100,29514,0,0,4,20260824T152234Z-a28f802-8111305,13,16,100000,0
weak-community,0,matlab,2,36954,5700,0,0,2,20260824T152234Z-a28f802-8111305,13,16,100000,0
weak-community,0,matlab,3,9773,1557,0,0,2,20260824T152234Z-a28f802-8111305,13,16,100000,0
weak-community,0,matlab,4,1703,317,0,0,0,20260824T152234Z-a28f802-8111305,13,16,100000,0
weak-community,0,matlab,0,494942,100000,0,0,1,20260824T152234Z-a28f802-8111305,13,2,100000,0
weak-community,0,matlab,1,199100,29514,0,0,4,20260824T152234Z-a28f802-8111305,13,2,100000,0
weak-community,0,matlab,2,36954,5700,0,0,2,20260824T152234Z-a28f802-8111305,13,2,100000,0
weak-community,0,matlab,3,9773,1557,0,0,2,20260824T152234Z-a28f802-8111305,13,2,100000,0
weak-community,0,matlab,4,1703,317,0,0,0,20260824T152234Z-a28f802-8111305,13,2,100000,0
weak-community,0,matlab,0,494942,100000,0,0,1,20260824T152234Z-a28f802-8111305,13,32,100000,0
weak-community,0,matlab,1,199100,29514,0,0,4,20260824T152234Z-a28f802-8111305,13,32,100000,0
weak-community,0,matlab,2,36954,5700,0,0,2,20260824T152234Z-a28f802-8111305,13,32,100000,0
weak-community,0,matlab,3,9773,1557,0,0,2,20260824T152234Z-a28f802-8111305,13,32,100000,0
weak-community,0,matlab,4,1703,317,0,0,0,20260824T152234Z-a28f802-8111305,13,32,100000,0
weak-community,0,matlab,0,494942,100000,0,0,1,20260824T152234Z-a28f802-8111305,13,4,100000,0
weak-community,0,matlab,1,199100,29514,0,0,4,20260824T152234Z-a28f802-8111305,13,4,100000,0
weak-community,0,matlab,2,36954,5700,0,0,2,20260824T152234Z-a28f802-8111305,13,4,100000,0
weak-community,0,matlab,3,9773,1557,0,0,2,20260824T152234Z-a28f802-8111305,13,4,100000,0
weak-community,0,matlab,4,1703,317,0,0,0,20260824T152234Z-a28f802-8111305,13,4,100000,0
weak-community,0,matlab,0,494942,100000,0,0,1,20260824T152234Z-a28f802-8111305,13,8,100000,0
weak-community,0,matlab,1,199100,29514,0,0,4,20260824T152234Z-a28f802-8111305,13,8,100000,0
weak-community,0,matlab,2,36954,5700,0,0,2,20260824T152234Z-a28f802-8111305,13,8,100000,0
weak-community,0,matlab,3,9773,1557,0,0,2,20260824T152234Z-a28f802-8111305,13,8,100000,0
weak-community,0,matlab,4,1703,317,0,0,0,20260824T152234Z-a28f802-8111305,13,8,100000,0
weak-community,,rust,0,494942,100000,0,0,1,20260824T152234Z-a28f802-8111305,13,1,100000,7295416
weak-community,,rust,1,199100,29514,0,0,4,20260824T152234Z-a28f802-8111305,13,1,100000,7295416
weak-community,,rust,2,36954,5700,0,0,2,20260824T152234Z-a28f802-8111305,13,1,100000,7295416
weak-community,,rust,3,9773,1557,0,0,2,20260824T152234Z-a28f802-8111305,13,1,100000,7295416
weak-community,,rust,4,1710,318,0,0,0,20260824T152234Z-a28f802-8111305,13,1,100000,7295416
weak-community,,rust,0,494942,100000,7292400,2,1,20260824T152234Z-a28f802-8111305,13,16,100000,7295416
weak-community,,rust,1,199100,29514,7292400,2,4,20260824T152234Z-a28f802-8111305,13,16,100000,7295416
weak-community,,rust,2,36954,5700,7292400,2,2,20260824T152234Z-a28f802-8111305,13,16,100000,7295416
weak-community,,rust,3,9773,1557,7292400,2,2,20260824T152234Z-a28f802-8111305,13,16,100000,7295416
weak-community,,rust,4,1710,318,7292400,2,0,20260824T152234Z-a28f802-8111305,13,16,100000,7295416
weak-community,,rust,0,494942,100000,7292400,2,1,20260824T152234Z-a28f802-8111305,13,2,100000,7295416
weak-community,,rust,1,199100,29514,7292400,2,4,20260824T152234Z-a28f802-8111305,13,2,100000,7295416
weak-community,,rust,2,36954,5700,7292400,2,2,20260824T152234Z-a28f802-8111305,13,2,100000,7295416
weak-community,,rust,3,9773,1557,7292400,2,2,20260824T152234Z-a28f802-8111305,13,2,100000,7295416
weak-community,,rust,4,1710,318,7292400,2,0,20260824T152234Z-a28f802-8111305,13,2,100000,7295416
weak-community,,rust,0,494942,100000,7292400,2,1,20260824T152234Z-a28f802-8111305,13,32,100000,7295416
weak-community,,rust,1,199100,29514,7292400,2,4,20260824T152234Z-a28f802-8111305,13,32,100000,7295416
weak-community,,rust,2,36954,5700,7292400,2,2,20260824T152234Z-a28f802-8111305,13,32,100000,7295416
weak-community,,rust,3,9773,1557,7292400,2,2,20260824T152234Z-a28f802-8111305,13,32,100000,7295416
weak-community,,rust,4,1710,318,7292400,2,0,20260824T152234Z-a28f802-8111305,13,32,100000,7295416
weak-community,,rust,0,494942,100000,7292400,2,1,20260824T152234Z-a28f802-8111305,13,4,100000,7295416
weak-community,,rust,1,199100,29514,7292400,2,4,20260824T152234Z-a28f802-8111305,13,4,100000,7295416
weak-community,,rust,2,36954,5700,7292400,2,2,20260824T152234Z-a28f802-8111305,13,4,100000,7295416
weak-community,,rust,3,9773,1557,7292400,2,2,20260824T152234Z-a28f802-8111305,13,4,100000,7295416
weak-community,,rust,4,1710,318,7292400,2,0,20260824T152234Z-a28f802-8111305,13,4,100000,7295416
weak-community,,rust,0,494942,100000,7292400,2,1,20260824T152234Z-a28f802-8111305,13,8,100000,7295416
weak-community,,rust,1,199100,29514,7292400,2,4,20260824T152234Z-a28f802-8111305,13,8,100000,7295416
weak-community,,rust,2,36954,5700,7292400,2,2,20260824T152234Z-a28f802-8111305,13,8,100000,7295416
weak-community,,rust,3,9773,1557,7292400,2,2,20260824T152234Z-a28f802-8111305,13,8,100000,7295416
weak-community,,rust,4,1710,318,7292400,2,0,20260824T152234Z-a28f802-8111305,13,8,100000,7295416
weak-community,0,matlab,0,1491262.0,300000,0,0,1,20260824T152234Z-a28f802-8111305,14,1,300000,0
weak-community,0,matlab,1,587303,97307,0,0,1,20260824T152234Z-a28f802-8111305,14,1,300000,0
weak-community,0,matlab,2,224638,32926,0,0,3,20260824T152234Z-a28f802-8111305,14,1,300000,0
weak-community,0,matlab,3,55101,8255,0,0,3,20260824T152234Z-a28f802-8111305,14,1,300000,0
weak-community,0,matlab,4,13055,2047,0,0,1,20260824T152234Z-a28f802-8111305,14,1,300000,0
weak-community,0,matlab,5,4456,728,0,0,4,20260824T152234Z-a28f802-8111305,14,1,300000,0
weak-community,0,matlab,6,781,163,0,0,0,20260824T152234Z-a28f802-8111305,14,1,300000,0
weak-community,0,matlab,0,1491262.0,300000,0,0,1,20260824T152234Z-a28f802-8111305,14,16,300000,0
weak-community,0,matlab,1,587303,97307,0,0,1,20260824T152234Z-a28f802-8111305,14,16,300000,0
weak-community,0,matlab,2,224638,32926,0,0,3,20260824T152234Z-a28f802-8111305,14,16,300000,0
weak-community,0,matlab,3,55101,8255,0,0,3,20260824T152234Z-a28f802-8111305,14,16,300000,0
weak-community,0,matlab,4,13055,2047,0,0,1,20260824T152234Z-a28f802-8111305,14,16,300000,0
weak-community,0,matlab,5,4456,728,0,0,4,20260824T152234Z-a28f802-8111305,14,16,300000,0
weak-community,0,matlab,6,781,163,0,0,0,20260824T152234Z-a28f802-8111305,14,16,300000,0
weak-community,0,matlab,0,1491262.0,300000,0,0,1,20260824T152234Z-a28f802-8111305,14,2,300000,0
weak-community,0,matlab,1,587303,97307,0,0,1,20260824T152234Z-a28f802-8111305,14,2,300000,0
weak-community,0,matlab,2,224638,32926,0,0,3,20260824T152234Z-a28f802-8111305,14,2,300000,0
weak-community,0,matlab,3,55101,8255,0,0,3,20260824T152234Z-a28f802-8111305,14,2,300000,0
weak-community,0,matlab,4,13055,2047,0,0,1,20260824T152234Z-a28f802-8111305,14,2,300000,0
weak-community,0,matlab,5,4456,728,0,0,4,20260824T152234Z-a28f802-8111305,14,2,300000,0
weak-community,0,matlab,6,781,163,0,0,0,20260824T152234Z-a28f802-8111305,14,2,300000,0
weak-community,0,matlab,0,1491262.0,300000,0,0,1,20260824T152234Z-a28f802-8111305,14,32,300000,0
weak-community,0,matlab,1,587303,97307,0,0,1,20260824T152234Z-a28f802-8111305,14,32,300000,0
weak-community,0,matlab,2,224638,32926,0,0,3,20260824T152234Z-a28f802-8111305,14,32,300000,0
weak-community,0,matlab,3,55101,8255,0,0,3,20260824T152234Z-a28f802-8111305,14,32,300000,0
weak-community,0,matlab,4,13055,2047,0,0,1,20260824T152234Z-a28f802-8111305,14,32,300000,0
weak-community,0,matlab,5,4456,728,0,0,4,20260824T152234Z-a28f802-8111305,14,32,300000,0
weak-community,0,matlab,6,781,163,0,0,0,20260824T152234Z-a28f802-8111305,14,32,300000,0
weak-community,0,matlab,0,1491262.0,300000,0,0,1,20260824T152234Z-a28f802-8111305,14,4,300000,0
weak-community,0,matlab,1,587303,97307,0,0,1,20260824T152234Z-a28f802-8111305,14,4,300000,0
weak-community,0,matlab,2,224638,32926,0,0,3,20260824T152234Z-a28f802-8111305,14,4,300000,0
weak-community,0,matlab,3,55101,8255,0,0,3,20260824T152234Z-a28f802-8111305,14,4,300000,0
weak-community,0,matlab,4,13055,2047,0,0,1,20260824T152234Z-a28f802-8111305,14,4,300000,0
weak-community,0,matlab,5,4456,728,0,0,4,20260824T152234Z-a28f802-8111305,14,4,300000,0
weak-community,0,matlab,6,781,163,0,0,0,20260824T152234Z-a28f802-8111305,14,4,300000,0
weak-community,0,matlab,0,1491262.0,300000,0,0,1,20260824T152234Z-a28f802-8111305,14,8,300000,0
weak-community,0,matlab,1,587303,97307,0,0,1,20260824T152234Z-a28f802-8111305,14,8,300000,0
weak-community,0,matlab,2,224638,32926,0,0,3,20260824T152234Z-a28f802-8111305,14,8,300000,0
weak-community,0,matlab,3,55101,8255,0,0,3,20260824T152234Z-a28f802-8111305,14,8,300000,0
weak-community,0,matlab,4,13055,2047,0,0,1,20260824T152234Z-a28f802-8111305,14,8,300000,0
weak-community,0,matlab,5,4456,728,0,0,4,20260824T152234Z-a28f802-8111305,14,8,300000,0
weak-community,0,matlab,6,781,163,0,0,0,20260824T152234Z-a28f802-8111305,14,8,300000,0
weak-community,,rust,0,1491262,300000,0,0,1,20260824T152234Z-a28f802-8111305,14,1,300000,22597112
weak-community,,rust,1,587303,97307,0,0,1,20260824T152234Z-a28f802-8111305,14,1,300000,22597112
weak-community,,rust,2,224638,32926,0,0,3,20260824T152234Z-a28f802-8111305,14,1,300000,22597112
weak-community,,rust,3,55101,8255,0,0,3,20260824T152234Z-a28f802-8111305,14,1,300000,22597112
weak-community,,rust,4,13055,2047,0,0,1,20260824T152234Z-a28f802-8111305,14,1,300000,22597112
weak-community,,rust,5,4456,728,0,0,4,20260824T152234Z-a28f802-8111305,14,1,300000,22597112
weak-community,,rust,6,786,164,0,0,0,20260824T152234Z-a28f802-8111305,14,1,300000,22597112
weak-community,,rust,0,1491262,300000,24791760,4,1,20260824T152234Z-a28f802-8111305,14,16,300000,22597112
weak-community,,rust,1,587303,97307,24791760,4,1,20260824T152234Z-a28f802-8111305,14,16,300000,22597112
weak-community,,rust,2,224638,32926,24791760,4,3,20260824T152234Z-a28f802-8111305,14,16,300000,22597112
weak-community,,rust,3,55101,8255,24791760,4,3,20260824T152234Z-a28f802-8111305,14,16,300000,22597112
weak-community,,rust,4,13055,2047,24791760,4,1,20260824T152234Z-a28f802-8111305,14,16,300000,22597112
weak-community,,rust,5,4456,728,24791760,4,4,20260824T152234Z-a28f802-8111305,14,16,300000,22597112
weak-community,,rust,6,786,164,24791760,4,0,20260824T152234Z-a28f802-8111305,14,16,300000,22597112
weak-community,,rust,0,1491262,300000,24791760,4,1,20260824T152234Z-a28f802-8111305,14,2,300000,22597112
weak-community,,rust,1,587303,97307,24791760,4,1,20260824T152234Z-a28f802-8111305,14,2,300000,22597112
weak-community,,rust,2,224638,32926,24791760,4,3,20260824T152234Z-a28f802-8111305,14,2,300000,22597112
weak-community,,rust,3,55101,8255,24791760,4,3,20260824T152234Z-a28f802-8111305,14,2,300000,22597112
weak-community,,rust,4,13055,2047,24791760,4,1,20260824T152234Z-a28f802-8111305,14,2,300000,22597112
weak-community,,rust,5,4456,728,24791760,4,4,20260824T152234Z-a28f802-8111305,14,2,300000,22597112
weak-community,,rust,6,786,164,24791760,4,0,20260824T152234Z-a28f802-8111305,14,2,300000,22597112
weak-community,,rust,0,1491262,300000,24791760,4,1,20260824T152234Z-a28f802-8111305,14,32,300000,22597112
weak-community,,rust,1,587303,97307,24791760,4,1,20260824T152234Z-a28f802-8111305,14,32,300000,22597112
weak-community,,rust,2,224638,32926,24791760,4,3,20260824T152234Z-a28f802-8111305,14,32,300000,22597112
weak-community,,rust,3,55101,8255,24791760,4,3,20260824T152234Z-a28f802-8111305,14,32,300000,22597112
weak-community,,rust,4,13055,2047,24791760,4,1,20260824T152234Z-a28f802-8111305,14,32,300000,22597112
weak-community,,rust,5,4456,728,24791760,4,4,20260824T152234Z-a28f802-8111305,14,32,300000,22597112
weak-community,,rust,6,786,164,24791760,4,0,20260824T152234Z-a28f802-8111305,14,32,300000,22597112
weak-community,,rust,0,1491262,300000,24791760,4,1,20260824T152234Z-a28f802-8111305,14,4,300000,22597112
weak-community,,rust,1,587303,97307,24791760,4,1,20260824T152234Z-a28f802-8111305,14,4,300000,22597112
weak-community,,rust,2,224638,32926,24791760,4,3,20260824T152234Z-a28f802-8111305,14,4,300000,22597112
weak-community,,rust,3,55101,8255,24791760,4,3,20260824T152234Z-a28f802-8111305,14,4,300000,22597112
weak-community,,rust,4,13055,2047,24791760,4,1,20260824T152234Z-a28f802-8111305,14,4,300000,22597112
weak-community,,rust,5,4456,728,24791760,4,4,20260824T152234Z-a28f802-8111305,14,4,300000,22597112
weak-community,,rust,6,786,164,24791760,4,0,20260824T152234Z-a28f802-8111305,14,4,300000,22597112
weak-community,,rust,0,1491262,300000,24791760,4,1,20260824T152234Z-a28f802-8111305,14,8,300000,22597112
weak-community,,rust,1,587303,97307,24791760,4,1,20260824T152234Z-a28f802-8111305,14,8,300000,22597112
weak-community,,rust,2,224638,32926,24791760,4,3,20260824T152234Z-a28f802-8111305,14,8,300000,22597112
weak-community,,rust,3,55101,8255,24791760,4,3,20260824T152234Z-a28f802-8111305,14,8,300000,22597112
weak-community,,rust,4,13055,2047,24791760,4,1,20260824T152234Z-a28f802-8111305,14,8,300000,22597112
weak-community,,rust,5,4456,728,24791760,4,4,20260824T152234Z-a28f802-8111305,14,8,300000,22597112
weak-community,,rust,6,786,164,24791760,4,0,20260824T152234Z-a28f802-8111305,14,8,300000,22597112
weak-community,0,matlab,0,4984030.0,1000000.0,0,0,1,20260824T152234Z-a28f802-8111305,15,1,1000000.0,0
weak-community,0,matlab,1,2036493.0,294547,0,0,6,20260824T152234Z-a28f802-8111305,15,1,1000000.0,0
weak-community,0,matlab,2,290778,42494,0,0,2,20260824T152234Z-a28f802-8111305,15,1,1000000.0,0
weak-community,0,matlab,3,91567,13543,0,0,5,20260824T152234Z-a28f802-8111305,15,1,1000000.0,0
weak-community,0,matlab,4,13946,2222,0,0,2,20260824T152234Z-a28f802-8111305,15,1,1000000.0,0
weak-community,0,matlab,5,2269,433,0,0,0,20260824T152234Z-a28f802-8111305,15,1,1000000.0,0
weak-community,0,matlab,0,4984030.0,1000000.0,0,0,1,20260824T152234Z-a28f802-8111305,15,16,1000000.0,0
weak-community,0,matlab,1,2036493.0,294547,0,0,6,20260824T152234Z-a28f802-8111305,15,16,1000000.0,0
weak-community,0,matlab,2,290778,42494,0,0,2,20260824T152234Z-a28f802-8111305,15,16,1000000.0,0
weak-community,0,matlab,3,91567,13543,0,0,5,20260824T152234Z-a28f802-8111305,15,16,1000000.0,0
weak-community,0,matlab,4,13946,2222,0,0,2,20260824T152234Z-a28f802-8111305,15,16,1000000.0,0
weak-community,0,matlab,5,2269,433,0,0,0,20260824T152234Z-a28f802-8111305,15,16,1000000.0,0
weak-community,0,matlab,0,4984030.0,1000000.0,0,0,1,20260824T152234Z-a28f802-8111305,15,2,1000000.0,0
weak-community,0,matlab,1,2036493.0,294547,0,0,6,20260824T152234Z-a28f802-8111305,15,2,1000000.0,0
weak-community,0,matlab,2,290778,42494,0,0,2,20260824T152234Z-a28f802-8111305,15,2,1000000.0,0
weak-community,0,matlab,3,91567,13543,0,0,5,20260824T152234Z-a28f802-8111305,15,2,1000000.0,0
weak-community,0,matlab,4,13946,2222,0,0,2,20260824T152234Z-a28f802-8111305,15,2,1000000.0,0
weak-community,0,matlab,5,2269,433,0,0,0,20260824T152234Z-a28f802-8111305,15,2,1000000.0,0
weak-community,0,matlab,0,4984030.0,1000000.0,0,0,1,20260824T152234Z-a28f802-8111305,15,32,1000000.0,0
weak-community,0,matlab,1,2036493.0,294547,0,0,6,20260824T152234Z-a28f802-8111305,15,32,1000000.0,0
weak-community,0,matlab,2,290778,42494,0,0,2,20260824T152234Z-a28f802-8111305,15,32,1000000.0,0
weak-community,0,matlab,3,91567,13543,0,0,5,20260824T152234Z-a28f802-8111305,15,32,1000000.0,0
weak-community,0,matlab,4,13946,2222,0,0,2,20260824T152234Z-a28f802-8111305,15,32,1000000.0,0
weak-community,0,matlab,5,2269,433,0,0,0,20260824T152234Z-a28f802-8111305,15,32,1000000.0,0
weak-community,0,matlab,0,4984030.0,1000000.0,0,0,1,20260824T152234Z-a28f802-8111305,15,4,1000000.0,0
weak-community,0,matlab,1,2036493.0,294547,0,0,6,20260824T152234Z-a28f802-8111305,15,4,1000000.0,0
weak-community,0,matlab,2,290778,42494,0,0,2,20260824T152234Z-a28f802-8111305,15,4,1000000.0,0
weak-community,0,matlab,3,91567,13543,0,0,5,20260824T152234Z-a28f802-8111305,15,4,1000000.0,0
weak-community,0,matlab,4,13946,2222,0,0,2,20260824T152234Z-a28f802-8111305,15,4,1000000.0,0
weak-community,0,matlab,5,2269,433,0,0,0,20260824T152234Z-a28f802-8111305,15,4,1000000.0,0
weak-community,0,matlab,0,4984030.0,1000000.0,0,0,1,20260824T152234Z-a28f802-8111305,15,8,1000000.0,0
weak-community,0,matlab,1,2036493.0,294547,0,0,6,20260824T152234Z-a28f802-8111305,15,8,1000000.0,0
weak-community,0,matlab,2,290778,42494,0,0,2,20260824T152234Z-a28f802-8111305,15,8,1000000.0,0
weak-community,0,matlab,3,91567,13543,0,0,5,20260824T152234Z-a28f802-8111305,15,8,1000000.0,0
weak-community,0,matlab,4,13946,2222,0,0,2,20260824T152234Z-a28f802-8111305,15,8,1000000.0,0
weak-community,0,matlab,5,2269,433,0,0,0,20260824T152234Z-a28f802-8111305,15,8,1000000.0,0
weak-community,,rust,0,4984030,1000000,0,0,1,20260824T152234Z-a28f802-8111305,15,1,1000000,72484920
weak-community,,rust,1,2036493,294547,0,0,6,20260824T152234Z-a28f802-8111305,15,1,1000000,72484920
weak-community,,rust,2,290778,42494,0,0,2,20260824T152234Z-a28f802-8111305,15,1,1000000,72484920
weak-community,,rust,3,91567,13543,0,0,5,20260824T152234Z-a28f802-8111305,15,1,1000000,72484920
weak-community,,rust,4,13946,2222,0,0,2,20260824T152234Z-a28f802-8111305,15,1,1000000,72484920
weak-community,,rust,5,2274,434,0,0,0,20260824T152234Z-a28f802-8111305,15,1,1000000,72484920
weak-community,,rust,0,4984030,1000000,78029760,4,1,20260824T152234Z-a28f802-8111305,15,16,1000000,72484920
weak-community,,rust,1,2036493,294547,78029760,4,6,20260824T152234Z-a28f802-8111305,15,16,1000000,72484920
weak-community,,rust,2,290778,42494,78029760,4,2,20260824T152234Z-a28f802-8111305,15,16,1000000,72484920
weak-community,,rust,3,91567,13543,78029760,4,5,20260824T152234Z-a28f802-8111305,15,16,1000000,72484920
weak-community,,rust,4,13946,2222,78029760,4,2,20260824T152234Z-a28f802-8111305,15,16,1000000,72484920
weak-community,,rust,5,2274,434,78029760,4,0,20260824T152234Z-a28f802-8111305,15,16,1000000,72484920
weak-community,,rust,0,4984030,1000000,78029760,4,1,20260824T152234Z-a28f802-8111305,15,2,1000000,72484920
weak-community,,rust,1,2036493,294547,78029760,4,6,20260824T152234Z-a28f802-8111305,15,2,1000000,72484920
weak-community,,rust,2,290778,42494,78029760,4,2,20260824T152234Z-a28f802-8111305,15,2,1000000,72484920
weak-community,,rust,3,91567,13543,78029760,4,5,20260824T152234Z-a28f802-8111305,15,2,1000000,72484920
weak-community,,rust,4,13946,2222,78029760,4,2,20260824T152234Z-a28f802-8111305,15,2,1000000,72484920
weak-community,,rust,5,2274,434,78029760,4,0,20260824T152234Z-a28f802-8111305,15,2,1000000,72484920
weak-community,,rust,0,4984030,1000000,78029760,4,1,20260824T152234Z-a28f802-8111305,15,32,1000000,72484920
weak-community,,rust,1,2036493,294547,78029760,4,6,20260824T152234Z-a28f802-8111305,15,32,1000000,72484920
weak-community,,rust,2,290778,42494,78029760,4,2,20260824T152234Z-a28f802-8111305,15,32,1000000,72484920
weak-community,,rust,3,91567,13543,78029760,4,5,20260824T152234Z-a28f802-8111305,15,32,1000000,72484920
weak-community,,rust,4,13946,2222,78029760,4,2,20260824T152234Z-a28f802-8111305,15,32,1000000,72484920
weak-community,,rust,5,2274,434,78029760,4,0,20260824T152234Z-a28f802-8111305,15,32,1000000,72484920
weak-community,,rust,0,4984030,1000000,78029760,4,1,20260824T152234Z-a28f802-8111305,15,4,1000000,72484920
weak-community,,rust,1,2036493,294547,78029760,4,6,20260824T152234Z-a28f802-8111305,15,4,1000000,72484920
weak-community,,rust,2,290778,42494,78029760,4,2,20260824T152234Z-a28f802-8111305,15,4,1000000,72484920
weak-community,,rust,3,91567,13543,78029760,4,5,20260824T152234Z-a28f802-8111305,15,4,1000000,72484920
weak-community,,rust,4,13946,2222,78029760,4,2,20260824T152234Z-a28f802-8111305,15,4,1000000,72484920
weak-community,,rust,5,2274,434,78029760,4,0,20260824T152234Z-a28f802-8111305,15,4,1000000,72484920
weak-community,,rust,0,4984030,1000000,78029760,4,1,20260824T152234Z-a28f802-8111305,15,8,1000000,72484920
weak-community,,rust,1,2036493,294547,78029760,4,6,20260824T152234Z-a28f802-8111305,15,8,1000000,72484920
weak-community,,rust,2,290778,42494,78029760,4,2,20260824T152234Z-a28f802-8111305,15,8,1000000,72484920
weak-community,,rust,3,91567,13543,78029760,4,5,20260824T152234Z-a28f802-8111305,15,8,1000000,72484920
weak-community,,rust,4,13946,2222,78029760,4,2,20260824T152234Z-a28f802-8111305,15,8,1000000,72484920
weak-community,,rust,5,2274,434,78029760,4,0,20260824T152234Z-a28f802-8111305,15,8,1000000,72484920
path,0,matlab,0,899998,300000,0,0,1,20260824T152234Z-a28f802-8111305,2,1,300000,0
path,0,matlab,1,354196,118066,0,0,1,20260824T152234Z-a28f802-8111305,2,1,300000,0
path,0,matlab,2,162595,54199,0,0,4,20260824T152234Z-a28f802-8111305,2,1,300000,0
path,0,matlab,3,29002,9668,0,0,1,20260824T152234Z-a28f802-8111305,2,1,300000,0
path,0,matlab,4,11422,3808,0,0,1,20260824T152234Z-a28f802-8111305,2,1,300000,0
path,0,matlab,5,5269,1757,0,0,8,20260824T152234Z-a28f802-8111305,2,1,300000,0
path,0,matlab,6,877,293,0,0,0,20260824T152234Z-a28f802-8111305,2,1,300000,0
path,0,matlab,0,899998,300000,0,0,1,20260824T152234Z-a28f802-8111305,2,16,300000,0
path,0,matlab,1,354196,118066,0,0,1,20260824T152234Z-a28f802-8111305,2,16,300000,0
path,0,matlab,2,162595,54199,0,0,4,20260824T152234Z-a28f802-8111305,2,16,300000,0
path,0,matlab,3,29002,9668,0,0,1,20260824T152234Z-a28f802-8111305,2,16,300000,0
path,0,matlab,4,11422,3808,0,0,1,20260824T152234Z-a28f802-8111305,2,16,300000,0
path,0,matlab,5,5269,1757,0,0,8,20260824T152234Z-a28f802-8111305,2,16,300000,0
path,0,matlab,6,877,293,0,0,0,20260824T152234Z-a28f802-8111305,2,16,300000,0
path,0,matlab,0,899998,300000,0,0,1,20260824T152234Z-a28f802-8111305,2,2,300000,0
path,0,matlab,1,354196,118066,0,0,1,20260824T152234Z-a28f802-8111305,2,2,300000,0
path,0,matlab,2,162595,54199,0,0,4,20260824T152234Z-a28f802-8111305,2,2,300000,0
path,0,matlab,3,29002,9668,0,0,1,20260824T152234Z-a28f802-8111305,2,2,300000,0
path,0,matlab,4,11422,3808,0,0,1,20260824T152234Z-a28f802-8111305,2,2,300000,0
path,0,matlab,5,5269,1757,0,0,8,20260824T152234Z-a28f802-8111305,2,2,300000,0
path,0,matlab,6,877,293,0,0,0,20260824T152234Z-a28f802-8111305,2,2,300000,0
path,0,matlab,0,899998,300000,0,0,1,20260824T152234Z-a28f802-8111305,2,32,300000,0
path,0,matlab,1,354196,118066,0,0,1,20260824T152234Z-a28f802-8111305,2,32,300000,0
path,0,matlab,2,162595,54199,0,0,4,20260824T152234Z-a28f802-8111305,2,32,300000,0
path,0,matlab,3,29002,9668,0,0,1,20260824T152234Z-a28f802-8111305,2,32,300000,0
path,0,matlab,4,11422,3808,0,0,1,20260824T152234Z-a28f802-8111305,2,32,300000,0
path,0,matlab,5,5269,1757,0,0,8,20260824T152234Z-a28f802-8111305,2,32,300000,0
path,0,matlab,6,877,293,0,0,0,20260824T152234Z-a28f802-8111305,2,32,300000,0
path,0,matlab,0,899998,300000,0,0,1,20260824T152234Z-a28f802-8111305,2,4,300000,0
path,0,matlab,1,354196,118066,0,0,1,20260824T152234Z-a28f802-8111305,2,4,300000,0
path,0,matlab,2,162595,54199,0,0,4,20260824T152234Z-a28f802-8111305,2,4,300000,0
path,0,matlab,3,29002,9668,0,0,1,20260824T152234Z-a28f802-8111305,2,4,300000,0
path,0,matlab,4,11422,3808,0,0,1,20260824T152234Z-a28f802-8111305,2,4,300000,0
path,0,matlab,5,5269,1757,0,0,8,20260824T152234Z-a28f802-8111305,2,4,300000,0
path,0,matlab,6,877,293,0,0,0,20260824T152234Z-a28f802-8111305,2,4,300000,0
path,0,matlab,0,899998,300000,0,0,1,20260824T152234Z-a28f802-8111305,2,8,300000,0
path,0,matlab,1,354196,118066,0,0,1,20260824T152234Z-a28f802-8111305,2,8,300000,0
path,0,matlab,2,162595,54199,0,0,4,20260824T152234Z-a28f802-8111305,2,8,300000,0
path,0,matlab,3,29002,9668,0,0,1,20260824T152234Z-a28f802-8111305,2,8,300000,0
path,0,matlab,4,11422,3808,0,0,1,20260824T152234Z-a28f802-8111305,2,8,300000,0
path,0,matlab,5,5269,1757,0,0,8,20260824T152234Z-a28f802-8111305,2,8,300000,0
path,0,matlab,6,877,293,0,0,0,20260824T152234Z-a28f802-8111305,2,8,300000,0
path,,rust,0,899998,300000,0,0,1,20260824T152234Z-a28f802-8111305,2,1,300000,23711952
path,,rust,1,354196,118066,0,0,1,20260824T152234Z-a28f802-8111305,2,1,300000,23711952
path,,rust,2,162595,54199,0,0,4,20260824T152234Z-a28f802-8111305,2,1,300000,23711952
path,,rust,3,29002,9668,0,0,1,20260824T152234Z-a28f802-8111305,2,1,300000,23711952
path,,rust,4,11422,3808,0,0,1,20260824T152234Z-a28f802-8111305,2,1,300000,23711952
path,,rust,5,5269,1757,0,0,8,20260824T152234Z-a28f802-8111305,2,1,300000,23711952
path,,rust,6,880,294,0,0,0,20260824T152234Z-a28f802-8111305,2,1,300000,23711952
path,,rust,0,899998,300000,0,0,1,20260824T152234Z-a28f802-8111305,2,16,300000,23711952
path,,rust,1,354196,118066,0,0,1,20260824T152234Z-a28f802-8111305,2,16,300000,23711952
path,,rust,2,162595,54199,0,0,4,20260824T152234Z-a28f802-8111305,2,16,300000,23711952
path,,rust,3,29002,9668,0,0,1,20260824T152234Z-a28f802-8111305,2,16,300000,23711952
path,,rust,4,11422,3808,0,0,1,20260824T152234Z-a28f802-8111305,2,16,300000,23711952
path,,rust,5,5269,1757,0,0,8,20260824T152234Z-a28f802-8111305,2,16,300000,23711952
path,,rust,6,880,294,0,0,0,20260824T152234Z-a28f802-8111305,2,16,300000,23711952
path,,rust,0,899998,300000,0,0,1,20260824T152234Z-a28f802-8111305,2,2,300000,23711952
path,,rust,1,354196,118066,0,0,1,20260824T152234Z-a28f802-8111305,2,2,300000,23711952
path,,rust,2,162595,54199,0,0,4,20260824T152234Z-a28f802-8111305,2,2,300000,23711952
path,,rust,3,29002,9668,0,0,1,20260824T152234Z-a28f802-8111305,2,2,300000,23711952
path,,rust,4,11422,3808,0,0,1,20260824T152234Z-a28f802-8111305,2,2,300000,23711952
path,,rust,5,5269,1757,0,0,8,20260824T152234Z-a28f802-8111305,2,2,300000,23711952
path,,rust,6,880,294,0,0,0,20260824T152234Z-a28f802-8111305,2,2,300000,23711952
path,,rust,0,899998,300000,0,0,1,20260824T152234Z-a28f802-8111305,2,32,300000,23711952
path,,rust,1,354196,118066,0,0,1,20260824T152234Z-a28f802-8111305,2,32,300000,23711952
path,,rust,2,162595,54199,0,0,4,20260824T152234Z-a28f802-8111305,2,32,300000,23711952
path,,rust,3,29002,9668,0,0,1,20260824T152234Z-a28f802-8111305,2,32,300000,23711952
path,,rust,4,11422,3808,0,0,1,20260824T152234Z-a28f802-8111305,2,32,300000,23711952
path,,rust,5,5269,1757,0,0,8,20260824T152234Z-a28f802-8111305,2,32,300000,23711952
path,,rust,6,880,294,0,0,0,20260824T152234Z-a28f802-8111305,2,32,300000,23711952
path,,rust,0,899998,300000,0,0,1,20260824T152234Z-a28f802-8111305,2,4,300000,23711952
path,,rust,1,354196,118066,0,0,1,20260824T152234Z-a28f802-8111305,2,4,300000,23711952
path,,rust,2,162595,54199,0,0,4,20260824T152234Z-a28f802-8111305,2,4,300000,23711952
path,,rust,3,29002,9668,0,0,1,20260824T152234Z-a28f802-8111305,2,4,300000,23711952
path,,rust,4,11422,3808,0,0,1,20260824T152234Z-a28f802-8111305,2,4,300000,23711952
path,,rust,5,5269,1757,0,0,8,20260824T152234Z-a28f802-8111305,2,4,300000,23711952
path,,rust,6,880,294,0,0,0,20260824T152234Z-a28f802-8111305,2,4,300000,23711952
path,,rust,0,899998,300000,0,0,1,20260824T152234Z-a28f802-8111305,2,8,300000,23711952
path,,rust,1,354196,118066,0,0,1,20260824T152234Z-a28f802-8111305,2,8,300000,23711952
path,,rust,2,162595,54199,0,0,4,20260824T152234Z-a28f802-8111305,2,8,300000,23711952
path,,rust,3,29002,9668,0,0,1,20260824T152234Z-a28f802-8111305,2,8,300000,23711952
path,,rust,4,11422,3808,0,0,1,20260824T152234Z-a28f802-8111305,2,8,300000,23711952
path,,rust,5,5269,1757,0,0,8,20260824T152234Z-a28f802-8111305,2,8,300000,23711952
path,,rust,6,880,294,0,0,0,20260824T152234Z-a28f802-8111305,2,8,300000,23711952
path,0,matlab,0,2999998.0,1000000.0,0,0,1,20260824T152234Z-a28f802-8111305,3,1,1000000.0,0
path,0,matlab,1,1180660.0,393554,0,0,1,20260824T152234Z-a28f802-8111305,3,1,1000000.0,0
path,0,matlab,2,541990,180664,0,0,4,20260824T152234Z-a28f802-8111305,3,1,1000000.0,0
path,0,matlab,3,96679,32227,0,0,1,20260824T152234Z-a28f802-8111305,3,1,1000000.0,0
path,0,matlab,4,38083,12695,0,0,1,20260824T152234Z-a28f802-8111305,3,1,1000000.0,0
path,0,matlab,5,17575,5859,0,0,5,20260824T152234Z-a28f802-8111305,3,1,1000000.0,0
path,0,matlab,6,2929,977,0,0,5,20260824T152234Z-a28f802-8111305,3,1,1000000.0,0
path,0,matlab,7,727,243,0,0,0,20260824T152234Z-a28f802-8111305,3,1,1000000.0,0
path,0,matlab,0,2999998.0,1000000.0,0,0,1,20260824T152234Z-a28f802-8111305,3,16,1000000.0,0
path,0,matlab,1,1180660.0,393554,0,0,1,20260824T152234Z-a28f802-8111305,3,16,1000000.0,0
path,0,matlab,2,541990,180664,0,0,4,20260824T152234Z-a28f802-8111305,3,16,1000000.0,0
path,0,matlab,3,96679,32227,0,0,1,20260824T152234Z-a28f802-8111305,3,16,1000000.0,0
path,0,matlab,4,38083,12695,0,0,1,20260824T152234Z-a28f802-8111305,3,16,1000000.0,0
path,0,matlab,5,17575,5859,0,0,5,20260824T152234Z-a28f802-8111305,3,16,1000000.0,0
path,0,matlab,6,2929,977,0,0,5,20260824T152234Z-a28f802-8111305,3,16,1000000.0,0
path,0,matlab,7,727,243,0,0,0,20260824T152234Z-a28f802-8111305,3,16,1000000.0,0
path,0,matlab,0,2999998.0,1000000.0,0,0,1,20260824T152234Z-a28f802-8111305,3,2,1000000.0,0
path,0,matlab,1,1180660.0,393554,0,0,1,20260824T152234Z-a28f802-8111305,3,2,1000000.0,0
path,0,matlab,2,541990,180664,0,0,4,20260824T152234Z-a28f802-8111305,3,2,1000000.0,0
path,0,matlab,3,96679,32227,0,0,1,20260824T152234Z-a28f802-8111305,3,2,1000000.0,0
path,0,matlab,4,38083,12695,0,0,1,20260824T152234Z-a28f802-8111305,3,2,1000000.0,0
path,0,matlab,5,17575,5859,0,0,5,20260824T152234Z-a28f802-8111305,3,2,1000000.0,0
path,0,matlab,6,2929,977,0,0,5,20260824T152234Z-a28f802-8111305,3,2,1000000.0,0
path,0,matlab,7,727,243,0,0,0,20260824T152234Z-a28f802-8111305,3,2,1000000.0,0
path,0,matlab,0,2999998.0,1000000.0,0,0,1,20260824T152234Z-a28f802-8111305,3,32,1000000.0,0
path,0,matlab,1,1180660.0,393554,0,0,1,20260824T152234Z-a28f802-8111305,3,32,1000000.0,0
path,0,matlab,2,541990,180664,0,0,4,20260824T152234Z-a28f802-8111305,3,32,1000000.0,0
path,0,matlab,3,96679,32227,0,0,1,20260824T152234Z-a28f802-8111305,3,32,1000000.0,0
path,0,matlab,4,38083,12695,0,0,1,20260824T152234Z-a28f802-8111305,3,32,1000000.0,0
path,0,matlab,5,17575,5859,0,0,5,20260824T152234Z-a28f802-8111305,3,32,1000000.0,0
path,0,matlab,6,2929,977,0,0,5,20260824T152234Z-a28f802-8111305,3,32,1000000.0,0
path,0,matlab,7,727,243,0,0,0,20260824T152234Z-a28f802-8111305,3,32,1000000.0,0
path,0,matlab,0,2999998.0,1000000.0,0,0,1,20260824T152234Z-a28f802-8111305,3,4,1000000.0,0
path,0,matlab,1,1180660.0,393554,0,0,1,20260824T152234Z-a28f802-8111305,3,4,1000000.0,0
path,0,matlab,2,541990,180664,0,0,4,20260824T152234Z-a28f802-8111305,3,4,1000000.0,0
path,0,matlab,3,96679,32227,0,0,1,20260824T152234Z-a28f802-8111305,3,4,1000000.0,0
path,0,matlab,4,38083,12695,0,0,1,20260824T152234Z-a28f802-8111305,3,4,1000000.0,0
path,0,matlab,5,17575,5859,0,0,5,20260824T152234Z-a28f802-8111305,3,4,1000000.0,0
path,0,matlab,6,2929,977,0,0,5,20260824T152234Z-a28f802-8111305,3,4,1000000.0,0
path,0,matlab,7,727,243,0,0,0,20260824T152234Z-a28f802-8111305,3,4,1000000.0,0
path,0,matlab,0,2999998.0,1000000.0,0,0,1,20260824T152234Z-a28f802-8111305,3,8,1000000.0,0
path,0,matlab,1,1180660.0,393554,0,0,1,20260824T152234Z-a28f802-8111305,3,8,1000000.0,0
path,0,matlab,2,541990,180664,0,0,4,20260824T152234Z-a28f802-8111305,3,8,1000000.0,0
path,0,matlab,3,96679,32227,0,0,1,20260824T152234Z-a28f802-8111305,3,8,1000000.0,0
path,0,matlab,4,38083,12695,0,0,1,20260824T152234Z-a28f802-8111305,3,8,1000000.0,0
path,0,matlab,5,17575,5859,0,0,5,20260824T152234Z-a28f802-8111305,3,8,1000000.0,0
path,0,matlab,6,2929,977,0,0,5,20260824T152234Z-a28f802-8111305,3,8,1000000.0,0
path,0,matlab,7,727,243,0,0,0,20260824T152234Z-a28f802-8111305,3,8,1000000.0,0
path,,rust,0,2999998,1000000,0,0,1,20260824T152234Z-a28f802-8111305,3,1,1000000,79033448
path,,rust,1,1180660,393554,0,0,1,20260824T152234Z-a28f802-8111305,3,1,1000000,79033448
path,,rust,2,541990,180664,0,0,4,20260824T152234Z-a28f802-8111305,3,1,1000000,79033448
path,,rust,3,96679,32227,0,0,1,20260824T152234Z-a28f802-8111305,3,1,1000000,79033448
path,,rust,4,38083,12695,0,0,1,20260824T152234Z-a28f802-8111305,3,1,1000000,79033448
path,,rust,5,17575,5859,0,0,5,20260824T152234Z-a28f802-8111305,3,1,1000000,79033448
path,,rust,6,2929,977,0,0,5,20260824T152234Z-a28f802-8111305,3,1,1000000,79033448
path,,rust,7,730,244,0,0,0,20260824T152234Z-a28f802-8111305,3,1,1000000,79033448
path,,rust,0,2999998,1000000,0,0,1,20260824T152234Z-a28f802-8111305,3,16,1000000,79033448
path,,rust,1,1180660,393554,0,0,1,20260824T152234Z-a28f802-8111305,3,16,1000000,79033448
path,,rust,2,541990,180664,0,0,4,20260824T152234Z-a28f802-8111305,3,16,1000000,79033448
path,,rust,3,96679,32227,0,0,1,20260824T152234Z-a28f802-8111305,3,16,1000000,79033448
path,,rust,4,38083,12695,0,0,1,20260824T152234Z-a28f802-8111305,3,16,1000000,79033448
path,,rust,5,17575,5859,0,0,5,20260824T152234Z-a28f802-8111305,3,16,1000000,79033448
path,,rust,6,2929,977,0,0,5,20260824T152234Z-a28f802-8111305,3,16,1000000,79033448
path,,rust,7,730,244,0,0,0,20260824T152234Z-a28f802-8111305,3,16,1000000,79033448
path,,rust,0,2999998,1000000,0,0,1,20260824T152234Z-a28f802-8111305,3,2,1000000,79033448
path,,rust,1,1180660,393554,0,0,1,20260824T152234Z-a28f802-8111305,3,2,1000000,79033448
path,,rust,2,541990,180664,0,0,4,20260824T152234Z-a28f802-8111305,3,2,1000000,79033448
path,,rust,3,96679,32227,0,0,1,20260824T152234Z-a28f802-8111305,3,2,1000000,79033448
path,,rust,4,38083,12695,0,0,1,20260824T152234Z-a28f802-8111305,3,2,1000000,79033448
path,,rust,5,17575,5859,0,0,5,20260824T152234Z-a28f802-8111305,3,2,1000000,79033448
path,,rust,6,2929,977,0,0,5,20260824T152234Z-a28f802-8111305,3,2,1000000,79033448
path,,rust,7,730,244,0,0,0,20260824T152234Z-a28f802-8111305,3,2,1000000,79033448
path,,rust,0,2999998,1000000,0,0,1,20260824T152234Z-a28f802-8111305,3,32,1000000,79033448
path,,rust,1,1180660,393554,0,0,1,20260824T152234Z-a28f802-8111305,3,32,1000000,79033448
path,,rust,2,541990,180664,0,0,4,20260824T152234Z-a28f802-8111305,3,32,1000000,79033448
path,,rust,3,96679,32227,0,0,1,20260824T152234Z-a28f802-8111305,3,32,1000000,79033448
path,,rust,4,38083,12695,0,0,1,20260824T152234Z-a28f802-8111305,3,32,1000000,79033448
path,,rust,5,17575,5859,0,0,5,20260824T152234Z-a28f802-8111305,3,32,1000000,79033448
path,,rust,6,2929,977,0,0,5,20260824T152234Z-a28f802-8111305,3,32,1000000,79033448
path,,rust,7,730,244,0,0,0,20260824T152234Z-a28f802-8111305,3,32,1000000,79033448
path,,rust,0,2999998,1000000,0,0,1,20260824T152234Z-a28f802-8111305,3,4,1000000,79033448
path,,rust,1,1180660,393554,0,0,1,20260824T152234Z-a28f802-8111305,3,4,1000000,79033448
path,,rust,2,541990,180664,0,0,4,20260824T152234Z-a28f802-8111305,3,4,1000000,79033448
path,,rust,3,96679,32227,0,0,1,20260824T152234Z-a28f802-8111305,3,4,1000000,79033448
path,,rust,4,38083,12695,0,0,1,20260824T152234Z-a28f802-8111305,3,4,1000000,79033448
path,,rust,5,17575,5859,0,0,5,20260824T152234Z-a28f802-8111305,3,4,1000000,79033448
path,,rust,6,2929,977,0,0,5,20260824T152234Z-a28f802-8111305,3,4,1000000,79033448
path,,rust,7,730,244,0,0,0,20260824T152234Z-a28f802-8111305,3,4,1000000,79033448
path,,rust,0,2999998,1000000,0,0,1,20260824T152234Z-a28f802-8111305,3,8,1000000,79033448
path,,rust,1,1180660,393554,0,0,1,20260824T152234Z-a28f802-8111305,3,8,1000000,79033448
path,,rust,2,541990,180664,0,0,4,20260824T152234Z-a28f802-8111305,3,8,1000000,79033448
path,,rust,3,96679,32227,0,0,1,20260824T152234Z-a28f802-8111305,3,8,1000000,79033448
path,,rust,4,38083,12695,0,0,1,20260824T152234Z-a28f802-8111305,3,8,1000000,79033448
path,,rust,5,17575,5859,0,0,5,20260824T152234Z-a28f802-8111305,3,8,1000000,79033448
path,,rust,6,2929,977,0,0,5,20260824T152234Z-a28f802-8111305,3,8,1000000,79033448
path,,rust,7,730,244,0,0,0,20260824T152234Z-a28f802-8111305,3,8,1000000,79033448
grid,0,matlab,0,498734,100000,0,0,1,20260824T152234Z-a28f802-8111305,4,1,100000,0
grid,0,matlab,1,180602,27326,0,0,2,20260824T152234Z-a28f802-8111305,4,1,100000,0
grid,0,matlab,2,58039,8393,0,0,2,20260824T152234Z-a28f802-8111305,4,1,100000,0
grid,0,matlab,3,15273,2257,0,0,1,20260824T152234Z-a28f802-8111305,4,1,100000,0
grid,0,matlab,4,3287,491,0,0,0,20260824T152234Z-a28f802-8111305,4,1,100000,0
grid,0,matlab,0,498734,100000,0,0,1,20260824T152234Z-a28f802-8111305,4,16,100000,0
grid,0,matlab,1,180602,27326,0,0,2,20260824T152234Z-a28f802-8111305,4,16,100000,0
grid,0,matlab,2,58039,8393,0,0,2,20260824T152234Z-a28f802-8111305,4,16,100000,0
grid,0,matlab,3,15273,2257,0,0,1,20260824T152234Z-a28f802-8111305,4,16,100000,0
grid,0,matlab,4,3287,491,0,0,0,20260824T152234Z-a28f802-8111305,4,16,100000,0
grid,0,matlab,0,498734,100000,0,0,1,20260824T152234Z-a28f802-8111305,4,2,100000,0
grid,0,matlab,1,180602,27326,0,0,2,20260824T152234Z-a28f802-8111305,4,2,100000,0
grid,0,matlab,2,58039,8393,0,0,2,20260824T152234Z-a28f802-8111305,4,2,100000,0
grid,0,matlab,3,15273,2257,0,0,1,20260824T152234Z-a28f802-8111305,4,2,100000,0
grid,0,matlab,4,3287,491,0,0,0,20260824T152234Z-a28f802-8111305,4,2,100000,0
grid,0,matlab,0,498734,100000,0,0,1,20260824T152234Z-a28f802-8111305,4,32,100000,0
grid,0,matlab,1,180602,27326,0,0,2,20260824T152234Z-a28f802-8111305,4,32,100000,0
grid,0,matlab,2,58039,8393,0,0,2,20260824T152234Z-a28f802-8111305,4,32,100000,0
grid,0,matlab,3,15273,2257,0,0,1,20260824T152234Z-a28f802-8111305,4,32,100000,0
grid,0,matlab,4,3287,491,0,0,0,20260824T152234Z-a28f802-8111305,4,32,100000,0
grid,0,matlab,0,498734,100000,0,0,1,20260824T152234Z-a28f802-8111305,4,4,100000,0
grid,0,matlab,1,180602,27326,0,0,2,20260824T152234Z-a28f802-8111305,4,4,100000,0
grid,0,matlab,2,58039,8393,0,0,2,20260824T152234Z-a28f802-8111305,4,4,100000,0
grid,0,matlab,3,15273,2257,0,0,1,20260824T152234Z-a28f802-8111305,4,4,100000,0
grid,0,matlab,4,3287,491,0,0,0,20260824T152234Z-a28f802-8111305,4,4,100000,0
grid,0,matlab,0,498734,100000,0,0,1,20260824T152234Z-a28f802-8111305,4,8,100000,0
grid,0,matlab,1,180602,27326,0,0,2,20260824T152234Z-a28f802-8111305,4,8,100000,0
grid,0,matlab,2,58039,8393,0,0,2,20260824T152234Z-a28f802-8111305,4,8,100000,0
grid,0,matlab,3,15273,2257,0,0,1,20260824T152234Z-a28f802-8111305,4,8,100000,0
grid,0,matlab,4,3287,491,0,0,0,20260824T152234Z-a28f802-8111305,4,8,100000,0
grid,,rust,0,498734,100000,0,0,1,20260824T152234Z-a28f802-8111305,4,1,100000,7331296
grid,,rust,1,180602,27326,0,0,2,20260824T152234Z-a28f802-8111305,4,1,100000,7331296
grid,,rust,2,58039,8393,0,0,2,20260824T152234Z-a28f802-8111305,4,1,100000,7331296
grid,,rust,3,15273,2257,0,0,1,20260824T152234Z-a28f802-8111305,4,1,100000,7331296
grid,,rust,4,3292,492,0,0,0,20260824T152234Z-a28f802-8111305,4,1,100000,7331296
grid,,rust,0,498734,100000,7762760,3,1,20260824T152234Z-a28f802-8111305,4,16,100000,7331296
grid,,rust,1,180602,27326,7762760,3,2,20260824T152234Z-a28f802-8111305,4,16,100000,7331296
grid,,rust,2,58039,8393,7762760,3,2,20260824T152234Z-a28f802-8111305,4,16,100000,7331296
grid,,rust,3,15273,2257,7762760,3,1,20260824T152234Z-a28f802-8111305,4,16,100000,7331296
grid,,rust,4,3292,492,7762760,3,0,20260824T152234Z-a28f802-8111305,4,16,100000,7331296
grid,,rust,0,498734,100000,7762760,3,1,20260824T152234Z-a28f802-8111305,4,2,100000,7331296
grid,,rust,1,180602,27326,7762760,3,2,20260824T152234Z-a28f802-8111305,4,2,100000,7331296
grid,,rust,2,58039,8393,7762760,3,2,20260824T152234Z-a28f802-8111305,4,2,100000,7331296
grid,,rust,3,15273,2257,7762760,3,1,20260824T152234Z-a28f802-8111305,4,2,100000,7331296
grid,,rust,4,3292,492,7762760,3,0,20260824T152234Z-a28f802-8111305,4,2,100000,7331296
grid,,rust,0,498734,100000,7762760,3,1,20260824T152234Z-a28f802-8111305,4,32,100000,7331296
grid,,rust,1,180602,27326,7762760,3,2,20260824T152234Z-a28f802-8111305,4,32,100000,7331296
grid,,rust,2,58039,8393,7762760,3,2,20260824T152234Z-a28f802-8111305,4,32,100000,7331296
grid,,rust,3,15273,2257,7762760,3,1,20260824T152234Z-a28f802-8111305,4,32,100000,7331296
grid,,rust,4,3292,492,7762760,3,0,20260824T152234Z-a28f802-8111305,4,32,100000,7331296
grid,,rust,0,498734,100000,7762760,3,1,20260824T152234Z-a28f802-8111305,4,4,100000,7331296
grid,,rust,1,180602,27326,7762760,3,2,20260824T152234Z-a28f802-8111305,4,4,100000,7331296
grid,,rust,2,58039,8393,7762760,3,2,20260824T152234Z-a28f802-8111305,4,4,100000,7331296
grid,,rust,3,15273,2257,7762760,3,1,20260824T152234Z-a28f802-8111305,4,4,100000,7331296
grid,,rust,4,3292,492,7762760,3,0,20260824T152234Z-a28f802-8111305,4,4,100000,7331296
grid,,rust,0,498734,100000,7762760,3,1,20260824T152234Z-a28f802-8111305,4,8,100000,7331296
grid,,rust,1,180602,27326,7762760,3,2,20260824T152234Z-a28f802-8111305,4,8,100000,7331296
grid,,rust,2,58039,8393,7762760,3,2,20260824T152234Z-a28f802-8111305,4,8,100000,7331296
grid,,rust,3,15273,2257,7762760,3,1,20260824T152234Z-a28f802-8111305,4,8,100000,7331296
grid,,rust,4,3292,492,7762760,3,0,20260824T152234Z-a28f802-8111305,4,8,100000,7331296
grid,0,matlab,0,1497808.0,300000,0,0,1,20260824T152234Z-a28f802-8111305,5,1,300000,0
grid,0,matlab,1,622155,93171,0,0,3,20260824T152234Z-a28f802-8111305,5,1,300000,0
grid,0,matlab,2,140853,20285,0,0,1,20260824T152234Z-a28f802-8111305,5,1,300000,0
grid,0,matlab,3,48456,7008,0,0,5,20260824T152234Z-a28f802-8111305,5,1,300000,0
grid,0,matlab,4,8076,1192,0,0,1,20260824T152234Z-a28f802-8111305,5,1,300000,0
grid,0,matlab,5,1916,292,0,0,0,20260824T152234Z-a28f802-8111305,5,1,300000,0
grid,0,matlab,0,1497808.0,300000,0,0,1,20260824T152234Z-a28f802-8111305,5,16,300000,0
grid,0,matlab,1,622155,93171,0,0,3,20260824T152234Z-a28f802-8111305,5,16,300000,0
grid,0,matlab,2,140853,20285,0,0,1,20260824T152234Z-a28f802-8111305,5,16,300000,0
grid,0,matlab,3,48456,7008,0,0,5,20260824T152234Z-a28f802-8111305,5,16,300000,0
grid,0,matlab,4,8076,1192,0,0,1,20260824T152234Z-a28f802-8111305,5,16,300000,0
grid,0,matlab,5,1916,292,0,0,0,20260824T152234Z-a28f802-8111305,5,16,300000,0
grid,0,matlab,0,1497808.0,300000,0,0,1,20260824T152234Z-a28f802-8111305,5,2,300000,0
grid,0,matlab,1,622155,93171,0,0,3,20260824T152234Z-a28f802-8111305,5,2,300000,0
grid,0,matlab,2,140853,20285,0,0,1,20260824T152234Z-a28f802-8111305,5,2,300000,0
grid,0,matlab,3,48456,7008,0,0,5,20260824T152234Z-a28f802-8111305,5,2,300000,0
grid,0,matlab,4,8076,1192,0,0,1,20260824T152234Z-a28f802-8111305,5,2,300000,0
grid,0,matlab,5,1916,292,0,0,0,20260824T152234Z-a28f802-8111305,5,2,300000,0
grid,0,matlab,0,1497808.0,300000,0,0,1,20260824T152234Z-a28f802-8111305,5,32,300000,0
grid,0,matlab,1,622155,93171,0,0,3,20260824T152234Z-a28f802-8111305,5,32,300000,0
grid,0,matlab,2,140853,20285,0,0,1,20260824T152234Z-a28f802-8111305,5,32,300000,0
grid,0,matlab,3,48456,7008,0,0,5,20260824T152234Z-a28f802-8111305,5,32,300000,0
grid,0,matlab,4,8076,1192,0,0,1,20260824T152234Z-a28f802-8111305,5,32,300000,0
grid,0,matlab,5,1916,292,0,0,0,20260824T152234Z-a28f802-8111305,5,32,300000,0
grid,0,matlab,0,1497808.0,300000,0,0,1,20260824T152234Z-a28f802-8111305,5,4,300000,0
grid,0,matlab,1,622155,93171,0,0,3,20260824T152234Z-a28f802-8111305,5,4,300000,0
grid,0,matlab,2,140853,20285,0,0,1,20260824T152234Z-a28f802-8111305,5,4,300000,0
grid,0,matlab,3,48456,7008,0,0,5,20260824T152234Z-a28f802-8111305,5,4,300000,0
grid,0,matlab,4,8076,1192,0,0,1,20260824T152234Z-a28f802-8111305,5,4,300000,0
grid,0,matlab,5,1916,292,0,0,0,20260824T152234Z-a28f802-8111305,5,4,300000,0
grid,0,matlab,0,1497808.0,300000,0,0,1,20260824T152234Z-a28f802-8111305,5,8,300000,0
grid,0,matlab,1,622155,93171,0,0,3,20260824T152234Z-a28f802-8111305,5,8,300000,0
grid,0,matlab,2,140853,20285,0,0,1,20260824T152234Z-a28f802-8111305,5,8,300000,0
grid,0,matlab,3,48456,7008,0,0,5,20260824T152234Z-a28f802-8111305,5,8,300000,0
grid,0,matlab,4,8076,1192,0,0,1,20260824T152234Z-a28f802-8111305,5,8,300000,0
grid,0,matlab,5,1916,292,0,0,0,20260824T152234Z-a28f802-8111305,5,8,300000,0
grid,,rust,0,1497808,300000,0,0,1,20260824T152234Z-a28f802-8111305,5,1,300000,22131680
grid,,rust,1,622155,93171,0,0,3,20260824T152234Z-a28f802-8111305,5,1,300000,22131680
grid,,rust,2,140853,20285,0,0,1,20260824T152234Z-a28f802-8111305,5,1,300000,22131680
grid,,rust,3,48456,7008,0,0,5,20260824T152234Z-a28f802-8111305,5,1,300000,22131680
grid,,rust,4,8076,1192,0,0,1,20260824T152234Z-a28f802-8111305,5,1,300000,22131680
grid,,rust,5,1921,293,0,0,0,20260824T152234Z-a28f802-8111305,5,1,300000,22131680
grid,,rust,0,1497808,300000,24347568,4,1,20260824T152234Z-a28f802-8111305,5,16,300000,22131680
grid,,rust,1,622155,93171,24347568,4,3,20260824T152234Z-a28f802-8111305,5,16,300000,22131680
grid,,rust,2,140853,20285,24347568,4,1,20260824T152234Z-a28f802-8111305,5,16,300000,22131680
grid,,rust,3,48456,7008,24347568,4,5,20260824T152234Z-a28f802-8111305,5,16,300000,22131680
grid,,rust,4,8076,1192,24347568,4,1,20260824T152234Z-a28f802-8111305,5,16,300000,22131680
grid,,rust,5,1921,293,24347568,4,0,20260824T152234Z-a28f802-8111305,5,16,300000,22131680
grid,,rust,0,1497808,300000,24347568,4,1,20260824T152234Z-a28f802-8111305,5,2,300000,22131680
grid,,rust,1,622155,93171,24347568,4,3,20260824T152234Z-a28f802-8111305,5,2,300000,22131680
grid,,rust,2,140853,20285,24347568,4,1,20260824T152234Z-a28f802-8111305,5,2,300000,22131680
grid,,rust,3,48456,7008,24347568,4,5,20260824T152234Z-a28f802-8111305,5,2,300000,22131680
grid,,rust,4,8076,1192,24347568,4,1,20260824T152234Z-a28f802-8111305,5,2,300000,22131680
grid,,rust,5,1921,293,24347568,4,0,20260824T152234Z-a28f802-8111305,5,2,300000,22131680
grid,,rust,0,1497808,300000,24347568,4,1,20260824T152234Z-a28f802-8111305,5,32,300000,22131680
grid,,rust,1,622155,93171,24347568,4,3,20260824T152234Z-a28f802-8111305,5,32,300000,22131680
grid,,rust,2,140853,20285,24347568,4,1,20260824T152234Z-a28f802-8111305,5,32,300000,22131680
grid,,rust,3,48456,7008,24347568,4,5,20260824T152234Z-a28f802-8111305,5,32,300000,22131680
grid,,rust,4,8076,1192,24347568,4,1,20260824T152234Z-a28f802-8111305,5,32,300000,22131680
grid,,rust,5,1921,293,24347568,4,0,20260824T152234Z-a28f802-8111305,5,32,300000,22131680
grid,,rust,0,1497808,300000,24347568,4,1,20260824T152234Z-a28f802-8111305,5,4,300000,22131680
grid,,rust,1,622155,93171,24347568,4,3,20260824T152234Z-a28f802-8111305,5,4,300000,22131680
grid,,rust,2,140853,20285,24347568,4,1,20260824T152234Z-a28f802-8111305,5,4,300000,22131680
grid,,rust,3,48456,7008,24347568,4,5,20260824T152234Z-a28f802-8111305,5,4,300000,22131680
grid,,rust,4,8076,1192,24347568,4,1,20260824T152234Z-a28f802-8111305,5,4,300000,22131680
grid,,rust,5,1921,293,24347568,4,0,20260824T152234Z-a28f802-8111305,5,4,300000,22131680
grid,,rust,0,1497808,300000,24347568,4,1,20260824T152234Z-a28f802-8111305,5,8,300000,22131680
grid,,rust,1,622155,93171,24347568,4,3,20260824T152234Z-a28f802-8111305,5,8,300000,22131680
grid,,rust,2,140853,20285,24347568,4,1,20260824T152234Z-a28f802-8111305,5,8,300000,22131680
grid,,rust,3,48456,7008,24347568,4,5,20260824T152234Z-a28f802-8111305,5,8,300000,22131680
grid,,rust,4,8076,1192,24347568,4,1,20260824T152234Z-a28f802-8111305,5,8,300000,22131680
grid,,rust,5,1921,293,24347568,4,0,20260824T152234Z-a28f802-8111305,5,8,300000,22131680
grid,0,matlab,0,4996000.0,1000000.0,0,0,1,20260824T152234Z-a28f802-8111305,6,1,1000000.0,0
grid,0,matlab,1,2224085.0,328013,0,0,3,20260824T152234Z-a28f802-8111305,6,1,1000000.0,0
grid,0,matlab,2,450178,66524,0,0,2,20260824T152234Z-a28f802-8111305,6,1,1000000.0,0
grid,0,matlab,3,136629,20495,0,0,5,20260824T152234Z-a28f802-8111305,6,1,1000000.0,0
grid,0,matlab,4,20375,2973,0,0,1,20260824T152234Z-a28f802-8111305,6,1,1000000.0,0
grid,0,matlab,5,3743,561,0,0,0,20260824T152234Z-a28f802-8111305,6,1,1000000.0,0
grid,0,matlab,0,4996000.0,1000000.0,0,0,1,20260824T152234Z-a28f802-8111305,6,16,1000000.0,0
grid,0,matlab,1,2224085.0,328013,0,0,3,20260824T152234Z-a28f802-8111305,6,16,1000000.0,0
grid,0,matlab,2,450178,66524,0,0,2,20260824T152234Z-a28f802-8111305,6,16,1000000.0,0
grid,0,matlab,3,136629,20495,0,0,5,20260824T152234Z-a28f802-8111305,6,16,1000000.0,0
grid,0,matlab,4,20375,2973,0,0,1,20260824T152234Z-a28f802-8111305,6,16,1000000.0,0
grid,0,matlab,5,3743,561,0,0,0,20260824T152234Z-a28f802-8111305,6,16,1000000.0,0
grid,0,matlab,0,4996000.0,1000000.0,0,0,1,20260824T152234Z-a28f802-8111305,6,2,1000000.0,0
grid,0,matlab,1,2224085.0,328013,0,0,3,20260824T152234Z-a28f802-8111305,6,2,1000000.0,0
grid,0,matlab,2,450178,66524,0,0,2,20260824T152234Z-a28f802-8111305,6,2,1000000.0,0
grid,0,matlab,3,136629,20495,0,0,5,20260824T152234Z-a28f802-8111305,6,2,1000000.0,0
grid,0,matlab,4,20375,2973,0,0,1,20260824T152234Z-a28f802-8111305,6,2,1000000.0,0
grid,0,matlab,5,3743,561,0,0,0,20260824T152234Z-a28f802-8111305,6,2,1000000.0,0
grid,0,matlab,0,4996000.0,1000000.0,0,0,1,20260824T152234Z-a28f802-8111305,6,32,1000000.0,0
grid,0,matlab,1,2224085.0,328013,0,0,3,20260824T152234Z-a28f802-8111305,6,32,1000000.0,0
grid,0,matlab,2,450178,66524,0,0,2,20260824T152234Z-a28f802-8111305,6,32,1000000.0,0
grid,0,matlab,3,136629,20495,0,0,5,20260824T152234Z-a28f802-8111305,6,32,1000000.0,0
grid,0,matlab,4,20375,2973,0,0,1,20260824T152234Z-a28f802-8111305,6,32,1000000.0,0
grid,0,matlab,5,3743,561,0,0,0,20260824T152234Z-a28f802-8111305,6,32,1000000.0,0
grid,0,matlab,0,4996000.0,1000000.0,0,0,1,20260824T152234Z-a28f802-8111305,6,4,1000000.0,0
grid,0,matlab,1,2224085.0,328013,0,0,3,20260824T152234Z-a28f802-8111305,6,4,1000000.0,0
grid,0,matlab,2,450178,66524,0,0,2,20260824T152234Z-a28f802-8111305,6,4,1000000.0,0
grid,0,matlab,3,136629,20495,0,0,5,20260824T152234Z-a28f802-8111305,6,4,1000000.0,0
grid,0,matlab,4,20375,2973,0,0,1,20260824T152234Z-a28f802-8111305,6,4,1000000.0,0
grid,0,matlab,5,3743,561,0,0,0,20260824T152234Z-a28f802-8111305,6,4,1000000.0,0
grid,0,matlab,0,4996000.0,1000000.0,0,0,1,20260824T152234Z-a28f802-8111305,6,8,1000000.0,0
grid,0,matlab,1,2224085.0,328013,0,0,3,20260824T152234Z-a28f802-8111305,6,8,1000000.0,0
grid,0,matlab,2,450178,66524,0,0,2,20260824T152234Z-a28f802-8111305,6,8,1000000.0,0
grid,0,matlab,3,136629,20495,0,0,5,20260824T152234Z-a28f802-8111305,6,8,1000000.0,0
grid,0,matlab,4,20375,2973,0,0,1,20260824T152234Z-a28f802-8111305,6,8,1000000.0,0
grid,0,matlab,5,3743,561,0,0,0,20260824T152234Z-a28f802-8111305,6,8,1000000.0,0
grid,,rust,0,4996000,1000000,0,0,1,20260824T152234Z-a28f802-8111305,6,1,1000000,74054816
grid,,rust,1,2224085,328013,0,0,3,20260824T152234Z-a28f802-8111305,6,1,1000000,74054816
grid,,rust,2,450178,66524,0,0,2,20260824T152234Z-a28f802-8111305,6,1,1000000,74054816
grid,,rust,3,136629,20495,0,0,5,20260824T152234Z-a28f802-8111305,6,1,1000000,74054816
grid,,rust,4,20375,2973,0,0,1,20260824T152234Z-a28f802-8111305,6,1,1000000,74054816
grid,,rust,5,3748,562,0,0,0,20260824T152234Z-a28f802-8111305,6,1,1000000,74054816
grid,,rust,0,4996000,1000000,82362464,4,1,20260824T152234Z-a28f802-8111305,6,16,1000000,74054816
grid,,rust,1,2224085,328013,82362464,4,3,20260824T152234Z-a28f802-8111305,6,16,1000000,74054816
grid,,rust,2,450178,66524,82362464,4,2,20260824T152234Z-a28f802-8111305,6,16,1000000,74054816
grid,,rust,3,136629,20495,82362464,4,5,20260824T152234Z-a28f802-8111305,6,16,1000000,74054816
grid,,rust,4,20375,2973,82362464,4,1,20260824T152234Z-a28f802-8111305,6,16,1000000,74054816
grid,,rust,5,3748,562,82362464,4,0,20260824T152234Z-a28f802-8111305,6,16,1000000,74054816
grid,,rust,0,4996000,1000000,82362464,4,1,20260824T152234Z-a28f802-8111305,6,2,1000000,74054816
grid,,rust,1,2224085,328013,82362464,4,3,20260824T152234Z-a28f802-8111305,6,2,1000000,74054816
grid,,rust,2,450178,66524,82362464,4,2,20260824T152234Z-a28f802-8111305,6,2,1000000,74054816
grid,,rust,3,136629,20495,82362464,4,5,20260824T152234Z-a28f802-8111305,6,2,1000000,74054816
grid,,rust,4,20375,2973,82362464,4,1,20260824T152234Z-a28f802-8111305,6,2,1000000,74054816
grid,,rust,5,3748,562,82362464,4,0,20260824T152234Z-a28f802-8111305,6,2,1000000,74054816
grid,,rust,0,4996000,1000000,82362464,4,1,20260824T152234Z-a28f802-8111305,6,32,1000000,74054816
grid,,rust,1,2224085,328013,82362464,4,3,20260824T152234Z-a28f802-8111305,6,32,1000000,74054816
grid,,rust,2,450178,66524,82362464,4,2,20260824T152234Z-a28f802-8111305,6,32,1000000,74054816
grid,,rust,3,136629,20495,82362464,4,5,20260824T152234Z-a28f802-8111305,6,32,1000000,74054816
grid,,rust,4,20375,2973,82362464,4,1,20260824T152234Z-a28f802-8111305,6,32,1000000,74054816
grid,,rust,5,3748,562,82362464,4,0,20260824T152234Z-a28f802-8111305,6,32,1000000,74054816
grid,,rust,0,4996000,1000000,82362464,4,1,20260824T152234Z-a28f802-8111305,6,4,1000000,74054816
grid,,rust,1,2224085,328013,82362464,4,3,20260824T152234Z-a28f802-8111305,6,4,1000000,74054816
grid,,rust,2,450178,66524,82362464,4,2,20260824T152234Z-a28f802-8111305,6,4,1000000,74054816
grid,,rust,3,136629,20495,82362464,4,5,20260824T152234Z-a28f802-8111305,6,4,1000000,74054816
grid,,rust,4,20375,2973,82362464,4,1,20260824T152234Z-a28f802-8111305,6,4,1000000,74054816
grid,,rust,5,3748,562,82362464,4,0,20260824T152234Z-a28f802-8111305,6,4,1000000,74054816
grid,,rust,0,4996000,1000000,82362464,4,1,20260824T152234Z-a28f802-8111305,6,8,1000000,74054816
grid,,rust,1,2224085,328013,82362464,4,3,20260824T152234Z-a28f802-8111305,6,8,1000000,74054816
grid,,rust,2,450178,66524,82362464,4,2,20260824T152234Z-a28f802-8111305,6,8,1000000,74054816
grid,,rust,3,136629,20495,82362464,4,5,20260824T152234Z-a28f802-8111305,6,8,1000000,74054816
grid,,rust,4,20375,2973,82362464,4,1,20260824T152234Z-a28f802-8111305,6,8,1000000,74054816
grid,,rust,5,3748,562,82362464,4,0,20260824T152234Z-a28f802-8111305,6,8,1000000,74054816
worker-firm,0,matlab,0,399992,100000,0,0,1,20260824T152234Z-a28f802-8111305,7,1,100000,0
worker-firm,0,matlab,1,185988,32608,0,0,1,20260824T152234Z-a28f802-8111305,7,1,100000,0
worker-firm,0,matlab,2,63991,5393,0,0,1,20260824T152234Z-a28f802-8111305,7,1,100000,0
worker-firm,0,matlab,3,35795,1559,0,0,1,20260824T152234Z-a28f802-8111305,7,1,100000,0
worker-firm,0,matlab,4,21792,634,0,0,0,20260824T152234Z-a28f802-8111305,7,1,100000,0
worker-firm,0,matlab,0,399992,100000,0,0,1,20260824T152234Z-a28f802-8111305,7,16,100000,0
worker-firm,0,matlab,1,185988,32608,0,0,1,20260824T152234Z-a28f802-8111305,7,16,100000,0
worker-firm,0,matlab,2,63991,5393,0,0,1,20260824T152234Z-a28f802-8111305,7,16,100000,0
worker-firm,0,matlab,3,35795,1559,0,0,1,20260824T152234Z-a28f802-8111305,7,16,100000,0
worker-firm,0,matlab,4,21792,634,0,0,0,20260824T152234Z-a28f802-8111305,7,16,100000,0
worker-firm,0,matlab,0,399992,100000,0,0,1,20260824T152234Z-a28f802-8111305,7,2,100000,0
worker-firm,0,matlab,1,185988,32608,0,0,1,20260824T152234Z-a28f802-8111305,7,2,100000,0
worker-firm,0,matlab,2,63991,5393,0,0,1,20260824T152234Z-a28f802-8111305,7,2,100000,0
worker-firm,0,matlab,3,35795,1559,0,0,1,20260824T152234Z-a28f802-8111305,7,2,100000,0
worker-firm,0,matlab,4,21792,634,0,0,0,20260824T152234Z-a28f802-8111305,7,2,100000,0
worker-firm,0,matlab,0,399992,100000,0,0,1,20260824T152234Z-a28f802-8111305,7,32,100000,0
worker-firm,0,matlab,1,185988,32608,0,0,1,20260824T152234Z-a28f802-8111305,7,32,100000,0
worker-firm,0,matlab,2,63991,5393,0,0,1,20260824T152234Z-a28f802-8111305,7,32,100000,0
worker-firm,0,matlab,3,35795,1559,0,0,1,20260824T152234Z-a28f802-8111305,7,32,100000,0
worker-firm,0,matlab,4,21792,634,0,0,0,20260824T152234Z-a28f802-8111305,7,32,100000,0
worker-firm,0,matlab,0,399992,100000,0,0,1,20260824T152234Z-a28f802-8111305,7,4,100000,0
worker-firm,0,matlab,1,185988,32608,0,0,1,20260824T152234Z-a28f802-8111305,7,4,100000,0
worker-firm,0,matlab,2,63991,5393,0,0,1,20260824T152234Z-a28f802-8111305,7,4,100000,0
worker-firm,0,matlab,3,35795,1559,0,0,1,20260824T152234Z-a28f802-8111305,7,4,100000,0
worker-firm,0,matlab,4,21792,634,0,0,0,20260824T152234Z-a28f802-8111305,7,4,100000,0
worker-firm,0,matlab,0,399992,100000,0,0,1,20260824T152234Z-a28f802-8111305,7,8,100000,0
worker-firm,0,matlab,1,185988,32608,0,0,1,20260824T152234Z-a28f802-8111305,7,8,100000,0
worker-firm,0,matlab,2,63991,5393,0,0,1,20260824T152234Z-a28f802-8111305,7,8,100000,0
worker-firm,0,matlab,3,35795,1559,0,0,1,20260824T152234Z-a28f802-8111305,7,8,100000,0
worker-firm,0,matlab,4,21792,634,0,0,0,20260824T152234Z-a28f802-8111305,7,8,100000,0
worker-firm,,rust,0,399992,100000,0,0,1,20260824T152234Z-a28f802-8111305,7,1,100000,7375032
worker-firm,,rust,1,185988,32608,0,0,1,20260824T152234Z-a28f802-8111305,7,1,100000,7375032
worker-firm,,rust,2,63991,5393,0,0,1,20260824T152234Z-a28f802-8111305,7,1,100000,7375032
worker-firm,,rust,3,35795,1559,0,0,1,20260824T152234Z-a28f802-8111305,7,1,100000,7375032
worker-firm,,rust,4,21819,635,0,0,0,20260824T152234Z-a28f802-8111305,7,1,100000,7375032
worker-firm,,rust,0,399992,100000,7112728,4,1,20260824T152234Z-a28f802-8111305,7,16,100000,7375032
worker-firm,,rust,1,185988,32608,7112728,4,1,20260824T152234Z-a28f802-8111305,7,16,100000,7375032
worker-firm,,rust,2,63991,5393,7112728,4,1,20260824T152234Z-a28f802-8111305,7,16,100000,7375032
worker-firm,,rust,3,35795,1559,7112728,4,1,20260824T152234Z-a28f802-8111305,7,16,100000,7375032
worker-firm,,rust,4,21819,635,7112728,4,0,20260824T152234Z-a28f802-8111305,7,16,100000,7375032
worker-firm,,rust,0,399992,100000,7112728,4,1,20260824T152234Z-a28f802-8111305,7,2,100000,7375032
worker-firm,,rust,1,185988,32608,7112728,4,1,20260824T152234Z-a28f802-8111305,7,2,100000,7375032
worker-firm,,rust,2,63991,5393,7112728,4,1,20260824T152234Z-a28f802-8111305,7,2,100000,7375032
worker-firm,,rust,3,35795,1559,7112728,4,1,20260824T152234Z-a28f802-8111305,7,2,100000,7375032
worker-firm,,rust,4,21819,635,7112728,4,0,20260824T152234Z-a28f802-8111305,7,2,100000,7375032
worker-firm,,rust,0,399992,100000,7112728,4,1,20260824T152234Z-a28f802-8111305,7,32,100000,7375032
worker-firm,,rust,1,185988,32608,7112728,4,1,20260824T152234Z-a28f802-8111305,7,32,100000,7375032
worker-firm,,rust,2,63991,5393,7112728,4,1,20260824T152234Z-a28f802-8111305,7,32,100000,7375032
worker-firm,,rust,3,35795,1559,7112728,4,1,20260824T152234Z-a28f802-8111305,7,32,100000,7375032
worker-firm,,rust,4,21819,635,7112728,4,0,20260824T152234Z-a28f802-8111305,7,32,100000,7375032
worker-firm,,rust,0,399992,100000,7112728,4,1,20260824T152234Z-a28f802-8111305,7,4,100000,7375032
worker-firm,,rust,1,185988,32608,7112728,4,1,20260824T152234Z-a28f802-8111305,7,4,100000,7375032
worker-firm,,rust,2,63991,5393,7112728,4,1,20260824T152234Z-a28f802-8111305,7,4,100000,7375032
worker-firm,,rust,3,35795,1559,7112728,4,1,20260824T152234Z-a28f802-8111305,7,4,100000,7375032
worker-firm,,rust,4,21819,635,7112728,4,0,20260824T152234Z-a28f802-8111305,7,4,100000,7375032
worker-firm,,rust,0,399992,100000,7112728,4,1,20260824T152234Z-a28f802-8111305,7,8,100000,7375032
worker-firm,,rust,1,185988,32608,7112728,4,1,20260824T152234Z-a28f802-8111305,7,8,100000,7375032
worker-firm,,rust,2,63991,5393,7112728,4,1,20260824T152234Z-a28f802-8111305,7,8,100000,7375032
worker-firm,,rust,3,35795,1559,7112728,4,1,20260824T152234Z-a28f802-8111305,7,8,100000,7375032
worker-firm,,rust,4,21819,635,7112728,4,0,20260824T152234Z-a28f802-8111305,7,8,100000,7375032
worker-firm,0,matlab,0,1199992.0,300000,0,0,1,20260824T152234Z-a28f802-8111305,8,1,300000,0
worker-firm,0,matlab,1,557968,97824,0,0,1,20260824T152234Z-a28f802-8111305,8,1,300000,0
worker-firm,0,matlab,2,212996,17942,0,0,1,20260824T152234Z-a28f802-8111305,8,1,300000,0
worker-firm,0,matlab,3,100757,3681,0,0,1,20260824T152234Z-a28f802-8111305,8,1,300000,0
worker-firm,0,matlab,4,64852,1566,0,0,1,20260824T152234Z-a28f802-8111305,8,1,300000,0
worker-firm,0,matlab,5,37394,730,0,0,1,20260824T152234Z-a28f802-8111305,8,1,300000,0
worker-firm,0,matlab,6,15877,317,0,0,0,20260824T152234Z-a28f802-8111305,8,1,300000,0
worker-firm,0,matlab,0,1199992.0,300000,0,0,1,20260824T152234Z-a28f802-8111305,8,16,300000,0
worker-firm,0,matlab,1,557968,97824,0,0,1,20260824T152234Z-a28f802-8111305,8,16,300000,0
worker-firm,0,matlab,2,212996,17942,0,0,1,20260824T152234Z-a28f802-8111305,8,16,300000,0
worker-firm,0,matlab,3,100757,3681,0,0,1,20260824T152234Z-a28f802-8111305,8,16,300000,0
worker-firm,0,matlab,4,64852,1566,0,0,1,20260824T152234Z-a28f802-8111305,8,16,300000,0
worker-firm,0,matlab,5,37394,730,0,0,1,20260824T152234Z-a28f802-8111305,8,16,300000,0
worker-firm,0,matlab,6,15877,317,0,0,0,20260824T152234Z-a28f802-8111305,8,16,300000,0
worker-firm,0,matlab,0,1199992.0,300000,0,0,1,20260824T152234Z-a28f802-8111305,8,2,300000,0
worker-firm,0,matlab,1,557968,97824,0,0,1,20260824T152234Z-a28f802-8111305,8,2,300000,0
worker-firm,0,matlab,2,212996,17942,0,0,1,20260824T152234Z-a28f802-8111305,8,2,300000,0
worker-firm,0,matlab,3,100757,3681,0,0,1,20260824T152234Z-a28f802-8111305,8,2,300000,0
worker-firm,0,matlab,4,64852,1566,0,0,1,20260824T152234Z-a28f802-8111305,8,2,300000,0
worker-firm,0,matlab,5,37394,730,0,0,1,20260824T152234Z-a28f802-8111305,8,2,300000,0
worker-firm,0,matlab,6,15877,317,0,0,0,20260824T152234Z-a28f802-8111305,8,2,300000,0
worker-firm,0,matlab,0,1199992.0,300000,0,0,1,20260824T152234Z-a28f802-8111305,8,32,300000,0
worker-firm,0,matlab,1,557968,97824,0,0,1,20260824T152234Z-a28f802-8111305,8,32,300000,0
worker-firm,0,matlab,2,212996,17942,0,0,1,20260824T152234Z-a28f802-8111305,8,32,300000,0
worker-firm,0,matlab,3,100757,3681,0,0,1,20260824T152234Z-a28f802-8111305,8,32,300000,0
worker-firm,0,matlab,4,64852,1566,0,0,1,20260824T152234Z-a28f802-8111305,8,32,300000,0
worker-firm,0,matlab,5,37394,730,0,0,1,20260824T152234Z-a28f802-8111305,8,32,300000,0
worker-firm,0,matlab,6,15877,317,0,0,0,20260824T152234Z-a28f802-8111305,8,32,300000,0
worker-firm,0,matlab,0,1199992.0,300000,0,0,1,20260824T152234Z-a28f802-8111305,8,4,300000,0
worker-firm,0,matlab,1,557968,97824,0,0,1,20260824T152234Z-a28f802-8111305,8,4,300000,0
worker-firm,0,matlab,2,212996,17942,0,0,1,20260824T152234Z-a28f802-8111305,8,4,300000,0
worker-firm,0,matlab,3,100757,3681,0,0,1,20260824T152234Z-a28f802-8111305,8,4,300000,0
worker-firm,0,matlab,4,64852,1566,0,0,1,20260824T152234Z-a28f802-8111305,8,4,300000,0
worker-firm,0,matlab,5,37394,730,0,0,1,20260824T152234Z-a28f802-8111305,8,4,300000,0
worker-firm,0,matlab,6,15877,317,0,0,0,20260824T152234Z-a28f802-8111305,8,4,300000,0
worker-firm,0,matlab,0,1199992.0,300000,0,0,1,20260824T152234Z-a28f802-8111305,8,8,300000,0
worker-firm,0,matlab,1,557968,97824,0,0,1,20260824T152234Z-a28f802-8111305,8,8,300000,0
worker-firm,0,matlab,2,212996,17942,0,0,1,20260824T152234Z-a28f802-8111305,8,8,300000,0
worker-firm,0,matlab,3,100757,3681,0,0,1,20260824T152234Z-a28f802-8111305,8,8,300000,0
worker-firm,0,matlab,4,64852,1566,0,0,1,20260824T152234Z-a28f802-8111305,8,8,300000,0
worker-firm,0,matlab,5,37394,730,0,0,1,20260824T152234Z-a28f802-8111305,8,8,300000,0
worker-firm,0,matlab,6,15877,317,0,0,0,20260824T152234Z-a28f802-8111305,8,8,300000,0
worker-firm,,rust,0,1199992,300000,0,0,1,20260824T152234Z-a28f802-8111305,8,1,300000,22134792
worker-firm,,rust,1,557968,97824,0,0,1,20260824T152234Z-a28f802-8111305,8,1,300000,22134792
worker-firm,,rust,2,212996,17942,0,0,1,20260824T152234Z-a28f802-8111305,8,1,300000,22134792
worker-firm,,rust,3,100757,3681,0,0,1,20260824T152234Z-a28f802-8111305,8,1,300000,22134792
worker-firm,,rust,4,64852,1566,0,0,1,20260824T152234Z-a28f802-8111305,8,1,300000,22134792
worker-firm,,rust,5,37394,730,0,0,1,20260824T152234Z-a28f802-8111305,8,1,300000,22134792
worker-firm,,rust,6,15936,318,0,0,0,20260824T152234Z-a28f802-8111305,8,1,300000,22134792
worker-firm,,rust,0,1199992,300000,22713588,6,1,20260824T152234Z-a28f802-8111305,8,16,300000,22134792
worker-firm,,rust,1,557968,97824,22713588,6,1,20260824T152234Z-a28f802-8111305,8,16,300000,22134792
worker-firm,,rust,2,212996,17942,22713588,6,1,20260824T152234Z-a28f802-8111305,8,16,300000,22134792
worker-firm,,rust,3,100757,3681,22713588,6,1,20260824T152234Z-a28f802-8111305,8,16,300000,22134792
worker-firm,,rust,4,64852,1566,22713588,6,1,20260824T152234Z-a28f802-8111305,8,16,300000,22134792
worker-firm,,rust,5,37394,730,22713588,6,1,20260824T152234Z-a28f802-8111305,8,16,300000,22134792
worker-firm,,rust,6,15936,318,22713588,6,0,20260824T152234Z-a28f802-8111305,8,16,300000,22134792
worker-firm,,rust,0,1199992,300000,22713588,6,1,20260824T152234Z-a28f802-8111305,8,2,300000,22134792
worker-firm,,rust,1,557968,97824,22713588,6,1,20260824T152234Z-a28f802-8111305,8,2,300000,22134792
worker-firm,,rust,2,212996,17942,22713588,6,1,20260824T152234Z-a28f802-8111305,8,2,300000,22134792
worker-firm,,rust,3,100757,3681,22713588,6,1,20260824T152234Z-a28f802-8111305,8,2,300000,22134792
worker-firm,,rust,4,64852,1566,22713588,6,1,20260824T152234Z-a28f802-8111305,8,2,300000,22134792
worker-firm,,rust,5,37394,730,22713588,6,1,20260824T152234Z-a28f802-8111305,8,2,300000,22134792
worker-firm,,rust,6,15936,318,22713588,6,0,20260824T152234Z-a28f802-8111305,8,2,300000,22134792
worker-firm,,rust,0,1199992,300000,22713588,6,1,20260824T152234Z-a28f802-8111305,8,32,300000,22134792
worker-firm,,rust,1,557968,97824,22713588,6,1,20260824T152234Z-a28f802-8111305,8,32,300000,22134792
worker-firm,,rust,2,212996,17942,22713588,6,1,20260824T152234Z-a28f802-8111305,8,32,300000,22134792
worker-firm,,rust,3,100757,3681,22713588,6,1,20260824T152234Z-a28f802-8111305,8,32,300000,22134792
worker-firm,,rust,4,64852,1566,22713588,6,1,20260824T152234Z-a28f802-8111305,8,32,300000,22134792
worker-firm,,rust,5,37394,730,22713588,6,1,20260824T152234Z-a28f802-8111305,8,32,300000,22134792
worker-firm,,rust,6,15936,318,22713588,6,0,20260824T152234Z-a28f802-8111305,8,32,300000,22134792
worker-firm,,rust,0,1199992,300000,22713588,6,1,20260824T152234Z-a28f802-8111305,8,4,300000,22134792
worker-firm,,rust,1,557968,97824,22713588,6,1,20260824T152234Z-a28f802-8111305,8,4,300000,22134792
worker-firm,,rust,2,212996,17942,22713588,6,1,20260824T152234Z-a28f802-8111305,8,4,300000,22134792
worker-firm,,rust,3,100757,3681,22713588,6,1,20260824T152234Z-a28f802-8111305,8,4,300000,22134792
worker-firm,,rust,4,64852,1566,22713588,6,1,20260824T152234Z-a28f802-8111305,8,4,300000,22134792
worker-firm,,rust,5,37394,730,22713588,6,1,20260824T152234Z-a28f802-8111305,8,4,300000,22134792
worker-firm,,rust,6,15936,318,22713588,6,0,20260824T152234Z-a28f802-8111305,8,4,300000,22134792
worker-firm,,rust,0,1199992,300000,22713588,6,1,20260824T152234Z-a28f802-8111305,8,8,300000,22134792
worker-firm,,rust,1,557968,97824,22713588,6,1,20260824T152234Z-a28f802-8111305,8,8,300000,22134792
worker-firm,,rust,2,212996,17942,22713588,6,1,20260824T152234Z-a28f802-8111305,8,8,300000,22134792
worker-firm,,rust,3,100757,3681,22713588,6,1,20260824T152234Z-a28f802-8111305,8,8,300000,22134792
worker-firm,,rust,4,64852,1566,22713588,6,1,20260824T152234Z-a28f802-8111305,8,8,300000,22134792
worker-firm,,rust,5,37394,730,22713588,6,1,20260824T152234Z-a28f802-8111305,8,8,300000,22134792
worker-firm,,rust,6,15936,318,22713588,6,0,20260824T152234Z-a28f802-8111305,8,8,300000,22134792
worker-firm,0,matlab,0,3999992.0,1000000.0,0,0,1,20260824T152234Z-a28f802-8111305,9,1,1000000.0,0
worker-firm,0,matlab,1,1859979.0,326085,0,0,1,20260824T152234Z-a28f802-8111305,9,1,1000000.0,0
worker-firm,0,matlab,2,756874,63926,0,0,1,20260824T152234Z-a28f802-8111305,9,1,1000000.0,0
worker-firm,0,matlab,3,423975,19675,0,0,1,20260824T152234Z-a28f802-8111305,9,1,1000000.0,0
worker-firm,0,matlab,4,259888,7750,0,0,1,20260824T152234Z-a28f802-8111305,9,1,1000000.0,0
worker-firm,0,matlab,5,162389,3157,0,0,1,20260824T152234Z-a28f802-8111305,9,1,1000000.0,0
worker-firm,0,matlab,6,99689,1463,0,0,1,20260824T152234Z-a28f802-8111305,9,1,1000000.0,0
worker-firm,0,matlab,7,59839,805,0,0,1,20260824T152234Z-a28f802-8111305,9,1,1000000.0,0
worker-firm,0,matlab,8,35401,491,0,0,0,20260824T152234Z-a28f802-8111305,9,1,1000000.0,0
worker-firm,0,matlab,0,3999992.0,1000000.0,0,0,1,20260824T152234Z-a28f802-8111305,9,16,1000000.0,0
worker-firm,0,matlab,1,1859979.0,326085,0,0,1,20260824T152234Z-a28f802-8111305,9,16,1000000.0,0
worker-firm,0,matlab,2,756874,63926,0,0,1,20260824T152234Z-a28f802-8111305,9,16,1000000.0,0
worker-firm,0,matlab,3,423975,19675,0,0,1,20260824T152234Z-a28f802-8111305,9,16,1000000.0,0
worker-firm,0,matlab,4,259888,7750,0,0,1,20260824T152234Z-a28f802-8111305,9,16,1000000.0,0
worker-firm,0,matlab,5,162389,3157,0,0,1,20260824T152234Z-a28f802-8111305,9,16,1000000.0,0
worker-firm,0,matlab,6,99689,1463,0,0,1,20260824T152234Z-a28f802-8111305,9,16,1000000.0,0
worker-firm,0,matlab,7,59839,805,0,0,1,20260824T152234Z-a28f802-8111305,9,16,1000000.0,0
worker-firm,0,matlab,8,35401,491,0,0,0,20260824T152234Z-a28f802-8111305,9,16,1000000.0,0
worker-firm,0,matlab,0,3999992.0,1000000.0,0,0,1,20260824T152234Z-a28f802-8111305,9,2,1000000.0,0
worker-firm,0,matlab,1,1859979.0,326085,0,0,1,20260824T152234Z-a28f802-8111305,9,2,1000000.0,0
worker-firm,0,matlab,2,756874,63926,0,0,1,20260824T152234Z-a28f802-8111305,9,2,1000000.0,0
worker-firm,0,matlab,3,423975,19675,0,0,1,20260824T152234Z-a28f802-8111305,9,2,1000000.0,0
worker-firm,0,matlab,4,259888,7750,0,0,1,20260824T152234Z-a28f802-8111305,9,2,1000000.0,0
worker-firm,0,matlab,5,162389,3157,0,0,1,20260824T152234Z-a28f802-8111305,9,2,1000000.0,0
worker-firm,0,matlab,6,99689,1463,0,0,1,20260824T152234Z-a28f802-8111305,9,2,1000000.0,0
worker-firm,0,matlab,7,59839,805,0,0,1,20260824T152234Z-a28f802-8111305,9,2,1000000.0,0
worker-firm,0,matlab,8,35401,491,0,0,0,20260824T152234Z-a28f802-8111305,9,2,1000000.0,0
worker-firm,0,matlab,0,3999992.0,1000000.0,0,0,1,20260824T152234Z-a28f802-8111305,9,32,1000000.0,0
worker-firm,0,matlab,1,1859979.0,326085,0,0,1,20260824T152234Z-a28f802-8111305,9,32,1000000.0,0
worker-firm,0,matlab,2,756874,63926,0,0,1,20260824T152234Z-a28f802-8111305,9,32,1000000.0,0
worker-firm,0,matlab,3,423975,19675,0,0,1,20260824T152234Z-a28f802-8111305,9,32,1000000.0,0
worker-firm,0,matlab,4,259888,7750,0,0,1,20260824T152234Z-a28f802-8111305,9,32,1000000.0,0
worker-firm,0,matlab,5,162389,3157,0,0,1,20260824T152234Z-a28f802-8111305,9,32,1000000.0,0
worker-firm,0,matlab,6,99689,1463,0,0,1,20260824T152234Z-a28f802-8111305,9,32,1000000.0,0
worker-firm,0,matlab,7,59839,805,0,0,1,20260824T152234Z-a28f802-8111305,9,32,1000000.0,0
worker-firm,0,matlab,8,35401,491,0,0,0,20260824T152234Z-a28f802-8111305,9,32,1000000.0,0
worker-firm,0,matlab,0,3999992.0,1000000.0,0,0,1,20260824T152234Z-a28f802-8111305,9,4,1000000.0,0
worker-firm,0,matlab,1,1859979.0,326085,0,0,1,20260824T152234Z-a28f802-8111305,9,4,1000000.0,0
worker-firm,0,matlab,2,756874,63926,0,0,1,20260824T152234Z-a28f802-8111305,9,4,1000000.0,0
worker-firm,0,matlab,3,423975,19675,0,0,1,20260824T152234Z-a28f802-8111305,9,4,1000000.0,0
worker-firm,0,matlab,4,259888,7750,0,0,1,20260824T152234Z-a28f802-8111305,9,4,1000000.0,0
worker-firm,0,matlab,5,162389,3157,0,0,1,20260824T152234Z-a28f802-8111305,9,4,1000000.0,0
worker-firm,0,matlab,6,99689,1463,0,0,1,20260824T152234Z-a28f802-8111305,9,4,1000000.0,0
worker-firm,0,matlab,7,59839,805,0,0,1,20260824T152234Z-a28f802-8111305,9,4,1000000.0,0
worker-firm,0,matlab,8,35401,491,0,0,0,20260824T152234Z-a28f802-8111305,9,4,1000000.0,0
worker-firm,0,matlab,0,3999992.0,1000000.0,0,0,1,20260824T152234Z-a28f802-8111305,9,8,1000000.0,0
worker-firm,0,matlab,1,1859979.0,326085,0,0,1,20260824T152234Z-a28f802-8111305,9,8,1000000.0,0
worker-firm,0,matlab,2,756874,63926,0,0,1,20260824T152234Z-a28f802-8111305,9,8,1000000.0,0
worker-firm,0,matlab,3,423975,19675,0,0,1,20260824T152234Z-a28f802-8111305,9,8,1000000.0,0
worker-firm,0,matlab,4,259888,7750,0,0,1,20260824T152234Z-a28f802-8111305,9,8,1000000.0,0
worker-firm,0,matlab,5,162389,3157,0,0,1,20260824T152234Z-a28f802-8111305,9,8,1000000.0,0
worker-firm,0,matlab,6,99689,1463,0,0,1,20260824T152234Z-a28f802-8111305,9,8,1000000.0,0
worker-firm,0,matlab,7,59839,805,0,0,1,20260824T152234Z-a28f802-8111305,9,8,1000000.0,0
worker-firm,0,matlab,8,35401,491,0,0,0,20260824T152234Z-a28f802-8111305,9,8,1000000.0,0
worker-firm,,rust,0,3999992,1000000,0,0,1,20260824T152234Z-a28f802-8111305,9,1,1000000,74168632
worker-firm,,rust,1,1859979,326085,0,0,1,20260824T152234Z-a28f802-8111305,9,1,1000000,74168632
worker-firm,,rust,2,756874,63926,0,0,1,20260824T152234Z-a28f802-8111305,9,1,1000000,74168632
worker-firm,,rust,3,423975,19675,0,0,1,20260824T152234Z-a28f802-8111305,9,1,1000000,74168632
worker-firm,,rust,4,259888,7750,0,0,1,20260824T152234Z-a28f802-8111305,9,1,1000000,74168632
worker-firm,,rust,5,162389,3157,0,0,1,20260824T152234Z-a28f802-8111305,9,1,1000000,74168632
worker-firm,,rust,6,99689,1463,0,0,1,20260824T152234Z-a28f802-8111305,9,1,1000000,74168632
worker-firm,,rust,7,59839,805,0,0,1,20260824T152234Z-a28f802-8111305,9,1,1000000,74168632
worker-firm,,rust,8,35432,492,0,0,0,20260824T152234Z-a28f802-8111305,9,1,1000000,74168632
worker-firm,,rust,0,3999992,1000000,80088644,8,1,20260824T152234Z-a28f802-8111305,9,16,1000000,74168632
worker-firm,,rust,1,1859979,326085,80088644,8,1,20260824T152234Z-a28f802-8111305,9,16,1000000,74168632
worker-firm,,rust,2,756874,63926,80088644,8,1,20260824T152234Z-a28f802-8111305,9,16,1000000,74168632
worker-firm,,rust,3,423975,19675,80088644,8,1,20260824T152234Z-a28f802-8111305,9,16,1000000,74168632
worker-firm,,rust,4,259888,7750,80088644,8,1,20260824T152234Z-a28f802-8111305,9,16,1000000,74168632
worker-firm,,rust,5,162389,3157,80088644,8,1,20260824T152234Z-a28f802-8111305,9,16,1000000,74168632
worker-firm,,rust,6,99689,1463,80088644,8,1,20260824T152234Z-a28f802-8111305,9,16,1000000,74168632
worker-firm,,rust,7,59839,805,80088644,8,1,20260824T152234Z-a28f802-8111305,9,16,1000000,74168632
worker-firm,,rust,8,35432,492,80088644,8,0,20260824T152234Z-a28f802-8111305,9,16,1000000,74168632
worker-firm,,rust,0,3999992,1000000,80088644,8,1,20260824T152234Z-a28f802-8111305,9,2,1000000,74168632
worker-firm,,rust,1,1859979,326085,80088644,8,1,20260824T152234Z-a28f802-8111305,9,2,1000000,74168632
worker-firm,,rust,2,756874,63926,80088644,8,1,20260824T152234Z-a28f802-8111305,9,2,1000000,74168632
worker-firm,,rust,3,423975,19675,80088644,8,1,20260824T152234Z-a28f802-8111305,9,2,1000000,74168632
worker-firm,,rust,4,259888,7750,80088644,8,1,20260824T152234Z-a28f802-8111305,9,2,1000000,74168632
worker-firm,,rust,5,162389,3157,80088644,8,1,20260824T152234Z-a28f802-8111305,9,2,1000000,74168632
worker-firm,,rust,6,99689,1463,80088644,8,1,20260824T152234Z-a28f802-8111305,9,2,1000000,74168632
worker-firm,,rust,7,59839,805,80088644,8,1,20260824T152234Z-a28f802-8111305,9,2,1000000,74168632
worker-firm,,rust,8,35432,492,80088644,8,0,20260824T152234Z-a28f802-8111305,9,2,1000000,74168632
worker-firm,,rust,0,3999992,1000000,80088644,8,1,20260824T152234Z-a28f802-8111305,9,32,1000000,74168632
worker-firm,,rust,1,1859979,326085,80088644,8,1,20260824T152234Z-a28f802-8111305,9,32,1000000,74168632
worker-firm,,rust,2,756874,63926,80088644,8,1,20260824T152234Z-a28f802-8111305,9,32,1000000,74168632
worker-firm,,rust,3,423975,19675,80088644,8,1,20260824T152234Z-a28f802-8111305,9,32,1000000,74168632
worker-firm,,rust,4,259888,7750,80088644,8,1,20260824T152234Z-a28f802-8111305,9,32,1000000,74168632
worker-firm,,rust,5,162389,3157,80088644,8,1,20260824T152234Z-a28f802-8111305,9,32,1000000,74168632
worker-firm,,rust,6,99689,1463,80088644,8,1,20260824T152234Z-a28f802-8111305,9,32,1000000,74168632
worker-firm,,rust,7,59839,805,80088644,8,1,20260824T152234Z-a28f802-8111305,9,32,1000000,74168632
worker-firm,,rust,8,35432,492,80088644,8,0,20260824T152234Z-a28f802-8111305,9,32,1000000,74168632
worker-firm,,rust,0,3999992,1000000,80088644,8,1,20260824T152234Z-a28f802-8111305,9,4,1000000,74168632
worker-firm,,rust,1,1859979,326085,80088644,8,1,20260824T152234Z-a28f802-8111305,9,4,1000000,74168632
worker-firm,,rust,2,756874,63926,80088644,8,1,20260824T152234Z-a28f802-8111305,9,4,1000000,74168632
worker-firm,,rust,3,423975,19675,80088644,8,1,20260824T152234Z-a28f802-8111305,9,4,1000000,74168632
worker-firm,,rust,4,259888,7750,80088644,8,1,20260824T152234Z-a28f802-8111305,9,4,1000000,74168632
worker-firm,,rust,5,162389,3157,80088644,8,1,20260824T152234Z-a28f802-8111305,9,4,1000000,74168632
worker-firm,,rust,6,99689,1463,80088644,8,1,20260824T152234Z-a28f802-8111305,9,4,1000000,74168632
worker-firm,,rust,7,59839,805,80088644,8,1,20260824T152234Z-a28f802-8111305,9,4,1000000,74168632
worker-firm,,rust,8,35432,492,80088644,8,0,20260824T152234Z-a28f802-8111305,9,4,1000000,74168632
worker-firm,,rust,0,3999992,1000000,80088644,8,1,20260824T152234Z-a28f802-8111305,9,8,1000000,74168632
worker-firm,,rust,1,1859979,326085,80088644,8,1,20260824T152234Z-a28f802-8111305,9,8,1000000,74168632
worker-firm,,rust,2,756874,63926,80088644,8,1,20260824T152234Z-a28f802-8111305,9,8,1000000,74168632
worker-firm,,rust,3,423975,19675,80088644,8,1,20260824T152234Z-a28f802-8111305,9,8,1000000,74168632
worker-firm,,rust,4,259888,7750,80088644,8,1,20260824T152234Z-a28f802-8111305,9,8,1000000,74168632
worker-firm,,rust,5,162389,3157,80088644,8,1,20260824T152234Z-a28f802-8111305,9,8,1000000,74168632
worker-firm,,rust,6,99689,1463,80088644,8,1,20260824T152234Z-a28f802-8111305,9,8,1000000,74168632
worker-firm,,rust,7,59839,805,80088644,8,1,20260824T152234Z-a28f802-8111305,9,8,1000000,74168632
worker-firm,,rust,8,35432,492,80088644,8,0,20260824T152234Z-a28f802-8111305,9,8,1000000,74168632
worker-firm,0,matlab,0,1199992.0,300000,0,0,1,20260824T201216Z-a28f802-148558d,1,1,300000,0
worker-firm,0,matlab,1,557968,97824,0,0,1,20260824T201216Z-a28f802-148558d,1,1,300000,0
worker-firm,0,matlab,2,212996,17942,0,0,1,20260824T201216Z-a28f802-148558d,1,1,300000,0
worker-firm,0,matlab,3,100757,3681,0,0,1,20260824T201216Z-a28f802-148558d,1,1,300000,0
worker-firm,0,matlab,4,64852,1566,0,0,1,20260824T201216Z-a28f802-148558d,1,1,300000,0
worker-firm,0,matlab,5,37394,730,0,0,1,20260824T201216Z-a28f802-148558d,1,1,300000,0
worker-firm,0,matlab,6,15877,317,0,0,0,20260824T201216Z-a28f802-148558d,1,1,300000,0
worker-firm,0,matlab,0,1199992.0,300000,0,0,1,20260824T201216Z-a28f802-148558d,1,16,300000,0
worker-firm,0,matlab,1,557968,97824,0,0,1,20260824T201216Z-a28f802-148558d,1,16,300000,0
worker-firm,0,matlab,2,212996,17942,0,0,1,20260824T201216Z-a28f802-148558d,1,16,300000,0
worker-firm,0,matlab,3,100757,3681,0,0,1,20260824T201216Z-a28f802-148558d,1,16,300000,0
worker-firm,0,matlab,4,64852,1566,0,0,1,20260824T201216Z-a28f802-148558d,1,16,300000,0
worker-firm,0,matlab,5,37394,730,0,0,1,20260824T201216Z-a28f802-148558d,1,16,300000,0
worker-firm,0,matlab,6,15877,317,0,0,0,20260824T201216Z-a28f802-148558d,1,16,300000,0
worker-firm,0,matlab,0,1199992.0,300000,0,0,1,20260824T201216Z-a28f802-148558d,1,2,300000,0
worker-firm,0,matlab,1,557968,97824,0,0,1,20260824T201216Z-a28f802-148558d,1,2,300000,0
worker-firm,0,matlab,2,212996,17942,0,0,1,20260824T201216Z-a28f802-148558d,1,2,300000,0
worker-firm,0,matlab,3,100757,3681,0,0,1,20260824T201216Z-a28f802-148558d,1,2,300000,0
worker-firm,0,matlab,4,64852,1566,0,0,1,20260824T201216Z-a28f802-148558d,1,2,300000,0
worker-firm,0,matlab,5,37394,730,0,0,1,20260824T201216Z-a28f802-148558d,1,2,300000,0
worker-firm,0,matlab,6,15877,317,0,0,0,20260824T201216Z-a28f802-148558d,1,2,300000,0
worker-firm,0,matlab,0,1199992.0,300000,0,0,1,20260824T201216Z-a28f802-148558d,1,32,300000,0
worker-firm,0,matlab,1,557968,97824,0,0,1,20260824T201216Z-a28f802-148558d,1,32,300000,0
worker-firm,0,matlab,2,212996,17942,0,0,1,20260824T201216Z-a28f802-148558d,1,32,300000,0
worker-firm,0,matlab,3,100757,3681,0,0,1,20260824T201216Z-a28f802-148558d,1,32,300000,0
worker-firm,0,matlab,4,64852,1566,0,0,1,20260824T201216Z-a28f802-148558d,1,32,300000,0
worker-firm,0,matlab,5,37394,730,0,0,1,20260824T201216Z-a28f802-148558d,1,32,300000,0
worker-firm,0,matlab,6,15877,317,0,0,0,20260824T201216Z-a28f802-148558d,1,32,300000,0
worker-firm,0,matlab,0,1199992.0,300000,0,0,1,20260824T201216Z-a28f802-148558d,1,4,300000,0
worker-firm,0,matlab,1,557968,97824,0,0,1,20260824T201216Z-a28f802-148558d,1,4,300000,0
worker-firm,0,matlab,2,212996,17942,0,0,1,20260824T201216Z-a28f802-148558d,1,4,300000,0
worker-firm,0,matlab,3,100757,3681,0,0,1,20260824T201216Z-a28f802-148558d,1,4,300000,0
worker-firm,0,matlab,4,64852,1566,0,0,1,20260824T201216Z-a28f802-148558d,1,4,300000,0
worker-firm,0,matlab,5,37394,730,0,0,1,20260824T201216Z-a28f802-148558d,1,4,300000,0
worker-firm,0,matlab,6,15877,317,0,0,0,20260824T201216Z-a28f802-148558d,1,4,300000,0
worker-firm,0,matlab,0,1199992.0,300000,0,0,1,20260824T201216Z-a28f802-148558d,1,8,300000,0
worker-firm,0,matlab,1,557968,97824,0,0,1,20260824T201216Z-a28f802-148558d,1,8,300000,0
worker-firm,0,matlab,2,212996,17942,0,0,1,20260824T201216Z-a28f802-148558d,1,8,300000,0
worker-firm,0,matlab,3,100757,3681,0,0,1,20260824T201216Z-a28f802-148558d,1,8,300000,0
worker-firm,0,matlab,4,64852,1566,0,0,1,20260824T201216Z-a28f802-148558d,1,8,300000,0
worker-firm,0,matlab,5,37394,730,0,0,1,20260824T201216Z-a28f802-148558d,1,8,300000,0
worker-firm,0,matlab,6,15877,317,0,0,0,20260824T201216Z-a28f802-148558d,1,8,300000,0
worker-firm,,rust,0,1199992,300000,0,0,1,20260824T201216Z-a28f802-148558d,1,1,300000,22134792
worker-firm,,rust,1,557968,97824,0,0,1,20260824T201216Z-a28f802-148558d,1,1,300000,22134792
worker-firm,,rust,2,212996,17942,0,0,1,20260824T201216Z-a28f802-148558d,1,1,300000,22134792
worker-firm,,rust,3,100757,3681,0,0,1,20260824T201216Z-a28f802-148558d,1,1,300000,22134792
worker-firm,,rust,4,64852,1566,0,0,1,20260824T201216Z-a28f802-148558d,1,1,300000,22134792
worker-firm,,rust,5,37394,730,0,0,1,20260824T201216Z-a28f802-148558d,1,1,300000,22134792
worker-firm,,rust,6,15936,318,0,0,0,20260824T201216Z-a28f802-148558d,1,1,300000,22134792
worker-firm,,rust,0,1199992,300000,22713588,6,1,20260824T201216Z-a28f802-148558d,1,16,300000,22134792
worker-firm,,rust,1,557968,97824,22713588,6,1,20260824T201216Z-a28f802-148558d,1,16,300000,22134792
worker-firm,,rust,2,212996,17942,22713588,6,1,20260824T201216Z-a28f802-148558d,1,16,300000,22134792
worker-firm,,rust,3,100757,3681,22713588,6,1,20260824T201216Z-a28f802-148558d,1,16,300000,22134792
worker-firm,,rust,4,64852,1566,22713588,6,1,20260824T201216Z-a28f802-148558d,1,16,300000,22134792
worker-firm,,rust,5,37394,730,22713588,6,1,20260824T201216Z-a28f802-148558d,1,16,300000,22134792
worker-firm,,rust,6,15936,318,22713588,6,0,20260824T201216Z-a28f802-148558d,1,16,300000,22134792
worker-firm,,rust,0,1199992,300000,22713588,6,1,20260824T201216Z-a28f802-148558d,1,2,300000,22134792
worker-firm,,rust,1,557968,97824,22713588,6,1,20260824T201216Z-a28f802-148558d,1,2,300000,22134792
worker-firm,,rust,2,212996,17942,22713588,6,1,20260824T201216Z-a28f802-148558d,1,2,300000,22134792
worker-firm,,rust,3,100757,3681,22713588,6,1,20260824T201216Z-a28f802-148558d,1,2,300000,22134792
worker-firm,,rust,4,64852,1566,22713588,6,1,20260824T201216Z-a28f802-148558d,1,2,300000,22134792
worker-firm,,rust,5,37394,730,22713588,6,1,20260824T201216Z-a28f802-148558d,1,2,300000,22134792
worker-firm,,rust,6,15936,318,22713588,6,0,20260824T201216Z-a28f802-148558d,1,2,300000,22134792
worker-firm,,rust,0,1199992,300000,22713588,6,1,20260824T201216Z-a28f802-148558d,1,32,300000,22134792
worker-firm,,rust,1,557968,97824,22713588,6,1,20260824T201216Z-a28f802-148558d,1,32,300000,22134792
worker-firm,,rust,2,212996,17942,22713588,6,1,20260824T201216Z-a28f802-148558d,1,32,300000,22134792
worker-firm,,rust,3,100757,3681,22713588,6,1,20260824T201216Z-a28f802-148558d,1,32,300000,22134792
worker-firm,,rust,4,64852,1566,22713588,6,1,20260824T201216Z-a28f802-148558d,1,32,300000,22134792
worker-firm,,rust,5,37394,730,22713588,6,1,20260824T201216Z-a28f802-148558d,1,32,300000,22134792
worker-firm,,rust,6,15936,318,22713588,6,0,20260824T201216Z-a28f802-148558d,1,32,300000,22134792
worker-firm,,rust,0,1199992,300000,22713588,6,1,20260824T201216Z-a28f802-148558d,1,4,300000,22134792
worker-firm,,rust,1,557968,97824,22713588,6,1,20260824T201216Z-a28f802-148558d,1,4,300000,22134792
worker-firm,,rust,2,212996,17942,22713588,6,1,20260824T201216Z-a28f802-148558d,1,4,300000,22134792
worker-firm,,rust,3,100757,3681,22713588,6,1,20260824T201216Z-a28f802-148558d,1,4,300000,22134792
worker-firm,,rust,4,64852,1566,22713588,6,1,20260824T201216Z-a28f802-148558d,1,4,300000,22134792
worker-firm,,rust,5,37394,730,22713588,6,1,20260824T201216Z-a28f802-148558d,1,4,300000,22134792
worker-firm,,rust,6,15936,318,22713588,6,0,20260824T201216Z-a28f802-148558d,1,4,300000,22134792
worker-firm,,rust,0,1199992,300000,22713588,6,1,20260824T201216Z-a28f802-148558d,1,8,300000,22134792
worker-firm,,rust,1,557968,97824,22713588,6,1,20260824T201216Z-a28f802-148558d,1,8,300000,22134792
worker-firm,,rust,2,212996,17942,22713588,6,1,20260824T201216Z-a28f802-148558d,1,8,300000,22134792
worker-firm,,rust,3,100757,3681,22713588,6,1,20260824T201216Z-a28f802-148558d,1,8,300000,22134792
worker-firm,,rust,4,64852,1566,22713588,6,1,20260824T201216Z-a28f802-148558d,1,8,300000,22134792
worker-firm,,rust,5,37394,730,22713588,6,1,20260824T201216Z-a28f802-148558d,1,8,300000,22134792
worker-firm,,rust,6,15936,318,22713588,6,0,20260824T201216Z-a28f802-148558d,1,8,300000,22134792
worker-firm,0,matlab,0,3999992.0,1000000.0,0,0,1,20260824T201216Z-a28f802-148558d,2,1,1000000.0,0
worker-firm,0,matlab,1,1859979.0,326085,0,0,1,20260824T201216Z-a28f802-148558d,2,1,1000000.0,0
worker-firm,0,matlab,2,756874,63926,0,0,1,20260824T201216Z-a28f802-148558d,2,1,1000000.0,0
worker-firm,0,matlab,3,423975,19675,0,0,1,20260824T201216Z-a28f802-148558d,2,1,1000000.0,0
worker-firm,0,matlab,4,259888,7750,0,0,1,20260824T201216Z-a28f802-148558d,2,1,1000000.0,0
worker-firm,0,matlab,5,162389,3157,0,0,1,20260824T201216Z-a28f802-148558d,2,1,1000000.0,0
worker-firm,0,matlab,6,99689,1463,0,0,1,20260824T201216Z-a28f802-148558d,2,1,1000000.0,0
worker-firm,0,matlab,7,59839,805,0,0,1,20260824T201216Z-a28f802-148558d,2,1,1000000.0,0
worker-firm,0,matlab,8,35401,491,0,0,0,20260824T201216Z-a28f802-148558d,2,1,1000000.0,0
worker-firm,0,matlab,0,3999992.0,1000000.0,0,0,1,20260824T201216Z-a28f802-148558d,2,16,1000000.0,0
worker-firm,0,matlab,1,1859979.0,326085,0,0,1,20260824T201216Z-a28f802-148558d,2,16,1000000.0,0
worker-firm,0,matlab,2,756874,63926,0,0,1,20260824T201216Z-a28f802-148558d,2,16,1000000.0,0
worker-firm,0,matlab,3,423975,19675,0,0,1,20260824T201216Z-a28f802-148558d,2,16,1000000.0,0
worker-firm,0,matlab,4,259888,7750,0,0,1,20260824T201216Z-a28f802-148558d,2,16,1000000.0,0
worker-firm,0,matlab,5,162389,3157,0,0,1,20260824T201216Z-a28f802-148558d,2,16,1000000.0,0
worker-firm,0,matlab,6,99689,1463,0,0,1,20260824T201216Z-a28f802-148558d,2,16,1000000.0,0
worker-firm,0,matlab,7,59839,805,0,0,1,20260824T201216Z-a28f802-148558d,2,16,1000000.0,0
worker-firm,0,matlab,8,35401,491,0,0,0,20260824T201216Z-a28f802-148558d,2,16,1000000.0,0
worker-firm,0,matlab,0,3999992.0,1000000.0,0,0,1,20260824T201216Z-a28f802-148558d,2,2,1000000.0,0
worker-firm,0,matlab,1,1859979.0,326085,0,0,1,20260824T201216Z-a28f802-148558d,2,2,1000000.0,0
worker-firm,0,matlab,2,756874,63926,0,0,1,20260824T201216Z-a28f802-148558d,2,2,1000000.0,0
worker-firm,0,matlab,3,423975,19675,0,0,1,20260824T201216Z-a28f802-148558d,2,2,1000000.0,0
worker-firm,0,matlab,4,259888,7750,0,0,1,20260824T201216Z-a28f802-148558d,2,2,1000000.0,0
worker-firm,0,matlab,5,162389,3157,0,0,1,20260824T201216Z-a28f802-148558d,2,2,1000000.0,0
worker-firm,0,matlab,6,99689,1463,0,0,1,20260824T201216Z-a28f802-148558d,2,2,1000000.0,0
worker-firm,0,matlab,7,59839,805,0,0,1,20260824T201216Z-a28f802-148558d,2,2,1000000.0,0
worker-firm,0,matlab,8,35401,491,0,0,0,20260824T201216Z-a28f802-148558d,2,2,1000000.0,0
worker-firm,0,matlab,0,3999992.0,1000000.0,0,0,1,20260824T201216Z-a28f802-148558d,2,32,1000000.0,0
worker-firm,0,matlab,1,1859979.0,326085,0,0,1,20260824T201216Z-a28f802-148558d,2,32,1000000.0,0
worker-firm,0,matlab,2,756874,63926,0,0,1,20260824T201216Z-a28f802-148558d,2,32,1000000.0,0
worker-firm,0,matlab,3,423975,19675,0,0,1,20260824T201216Z-a28f802-148558d,2,32,1000000.0,0
worker-firm,0,matlab,4,259888,7750,0,0,1,20260824T201216Z-a28f802-148558d,2,32,1000000.0,0
worker-firm,0,matlab,5,162389,3157,0,0,1,20260824T201216Z-a28f802-148558d,2,32,1000000.0,0
worker-firm,0,matlab,6,99689,1463,0,0,1,20260824T201216Z-a28f802-148558d,2,32,1000000.0,0
worker-firm,0,matlab,7,59839,805,0,0,1,20260824T201216Z-a28f802-148558d,2,32,1000000.0,0
worker-firm,0,matlab,8,35401,491,0,0,0,20260824T201216Z-a28f802-148558d,2,32,1000000.0,0
worker-firm,0,matlab,0,3999992.0,1000000.0,0,0,1,20260824T201216Z-a28f802-148558d,2,4,1000000.0,0
worker-firm,0,matlab,1,1859979.0,326085,0,0,1,20260824T201216Z-a28f802-148558d,2,4,1000000.0,0
worker-firm,0,matlab,2,756874,63926,0,0,1,20260824T201216Z-a28f802-148558d,2,4,1000000.0,0
worker-firm,0,matlab,3,423975,19675,0,0,1,20260824T201216Z-a28f802-148558d,2,4,1000000.0,0
worker-firm,0,matlab,4,259888,7750,0,0,1,20260824T201216Z-a28f802-148558d,2,4,1000000.0,0
worker-firm,0,matlab,5,162389,3157,0,0,1,20260824T201216Z-a28f802-148558d,2,4,1000000.0,0
worker-firm,0,matlab,6,99689,1463,0,0,1,20260824T201216Z-a28f802-148558d,2,4,1000000.0,0
worker-firm,0,matlab,7,59839,805,0,0,1,20260824T201216Z-a28f802-148558d,2,4,1000000.0,0
worker-firm,0,matlab,8,35401,491,0,0,0,20260824T201216Z-a28f802-148558d,2,4,1000000.0,0
worker-firm,0,matlab,0,3999992.0,1000000.0,0,0,1,20260824T201216Z-a28f802-148558d,2,8,1000000.0,0
worker-firm,0,matlab,1,1859979.0,326085,0,0,1,20260824T201216Z-a28f802-148558d,2,8,1000000.0,0
worker-firm,0,matlab,2,756874,63926,0,0,1,20260824T201216Z-a28f802-148558d,2,8,1000000.0,0
worker-firm,0,matlab,3,423975,19675,0,0,1,20260824T201216Z-a28f802-148558d,2,8,1000000.0,0
worker-firm,0,matlab,4,259888,7750,0,0,1,20260824T201216Z-a28f802-148558d,2,8,1000000.0,0
worker-firm,0,matlab,5,162389,3157,0,0,1,20260824T201216Z-a28f802-148558d,2,8,1000000.0,0
worker-firm,0,matlab,6,99689,1463,0,0,1,20260824T201216Z-a28f802-148558d,2,8,1000000.0,0
worker-firm,0,matlab,7,59839,805,0,0,1,20260824T201216Z-a28f802-148558d,2,8,1000000.0,0
worker-firm,0,matlab,8,35401,491,0,0,0,20260824T201216Z-a28f802-148558d,2,8,1000000.0,0
worker-firm,,rust,0,3999992,1000000,0,0,1,20260824T201216Z-a28f802-148558d,2,1,1000000,74168632
worker-firm,,rust,1,1859979,326085,0,0,1,20260824T201216Z-a28f802-148558d,2,1,1000000,74168632
worker-firm,,rust,2,756874,63926,0,0,1,20260824T201216Z-a28f802-148558d,2,1,1000000,74168632
worker-firm,,rust,3,423975,19675,0,0,1,20260824T201216Z-a28f802-148558d,2,1,1000000,74168632
worker-firm,,rust,4,259888,7750,0,0,1,20260824T201216Z-a28f802-148558d,2,1,1000000,74168632
worker-firm,,rust,5,162389,3157,0,0,1,20260824T201216Z-a28f802-148558d,2,1,1000000,74168632
worker-firm,,rust,6,99689,1463,0,0,1,20260824T201216Z-a28f802-148558d,2,1,1000000,74168632
worker-firm,,rust,7,59839,805,0,0,1,20260824T201216Z-a28f802-148558d,2,1,1000000,74168632
worker-firm,,rust,8,35432,492,0,0,0,20260824T201216Z-a28f802-148558d,2,1,1000000,74168632
worker-firm,,rust,0,3999992,1000000,80088644,8,1,20260824T201216Z-a28f802-148558d,2,16,1000000,74168632
worker-firm,,rust,1,1859979,326085,80088644,8,1,20260824T201216Z-a28f802-148558d,2,16,1000000,74168632
worker-firm,,rust,2,756874,63926,80088644,8,1,20260824T201216Z-a28f802-148558d,2,16,1000000,74168632
worker-firm,,rust,3,423975,19675,80088644,8,1,20260824T201216Z-a28f802-148558d,2,16,1000000,74168632
worker-firm,,rust,4,259888,7750,80088644,8,1,20260824T201216Z-a28f802-148558d,2,16,1000000,74168632
worker-firm,,rust,5,162389,3157,80088644,8,1,20260824T201216Z-a28f802-148558d,2,16,1000000,74168632
worker-firm,,rust,6,99689,1463,80088644,8,1,20260824T201216Z-a28f802-148558d,2,16,1000000,74168632
worker-firm,,rust,7,59839,805,80088644,8,1,20260824T201216Z-a28f802-148558d,2,16,1000000,74168632
worker-firm,,rust,8,35432,492,80088644,8,0,20260824T201216Z-a28f802-148558d,2,16,1000000,74168632
worker-firm,,rust,0,3999992,1000000,80088644,8,1,20260824T201216Z-a28f802-148558d,2,2,1000000,74168632
worker-firm,,rust,1,1859979,326085,80088644,8,1,20260824T201216Z-a28f802-148558d,2,2,1000000,74168632
worker-firm,,rust,2,756874,63926,80088644,8,1,20260824T201216Z-a28f802-148558d,2,2,1000000,74168632
worker-firm,,rust,3,423975,19675,80088644,8,1,20260824T201216Z-a28f802-148558d,2,2,1000000,74168632
worker-firm,,rust,4,259888,7750,80088644,8,1,20260824T201216Z-a28f802-148558d,2,2,1000000,74168632
worker-firm,,rust,5,162389,3157,80088644,8,1,20260824T201216Z-a28f802-148558d,2,2,1000000,74168632
worker-firm,,rust,6,99689,1463,80088644,8,1,20260824T201216Z-a28f802-148558d,2,2,1000000,74168632
worker-firm,,rust,7,59839,805,80088644,8,1,20260824T201216Z-a28f802-148558d,2,2,1000000,74168632
worker-firm,,rust,8,35432,492,80088644,8,0,20260824T201216Z-a28f802-148558d,2,2,1000000,74168632
worker-firm,,rust,0,3999992,1000000,80088644,8,1,20260824T201216Z-a28f802-148558d,2,32,1000000,74168632
worker-firm,,rust,1,1859979,326085,80088644,8,1,20260824T201216Z-a28f802-148558d,2,32,1000000,74168632
worker-firm,,rust,2,756874,63926,80088644,8,1,20260824T201216Z-a28f802-148558d,2,32,1000000,74168632
worker-firm,,rust,3,423975,19675,80088644,8,1,20260824T201216Z-a28f802-148558d,2,32,1000000,74168632
worker-firm,,rust,4,259888,7750,80088644,8,1,20260824T201216Z-a28f802-148558d,2,32,1000000,74168632
worker-firm,,rust,5,162389,3157,80088644,8,1,20260824T201216Z-a28f802-148558d,2,32,1000000,74168632
worker-firm,,rust,6,99689,1463,80088644,8,1,20260824T201216Z-a28f802-148558d,2,32,1000000,74168632
worker-firm,,rust,7,59839,805,80088644,8,1,20260824T201216Z-a28f802-148558d,2,32,1000000,74168632
worker-firm,,rust,8,35432,492,80088644,8,0,20260824T201216Z-a28f802-148558d,2,32,1000000,74168632
worker-firm,,rust,0,3999992,1000000,80088644,8,1,20260824T201216Z-a28f802-148558d,2,4,1000000,74168632
worker-firm,,rust,1,1859979,326085,80088644,8,1,20260824T201216Z-a28f802-148558d,2,4,1000000,74168632
worker-firm,,rust,2,756874,63926,80088644,8,1,20260824T201216Z-a28f802-148558d,2,4,1000000,74168632
worker-firm,,rust,3,423975,19675,80088644,8,1,20260824T201216Z-a28f802-148558d,2,4,1000000,74168632
worker-firm,,rust,4,259888,7750,80088644,8,1,20260824T201216Z-a28f802-148558d,2,4,1000000,74168632
worker-firm,,rust,5,162389,3157,80088644,8,1,20260824T201216Z-a28f802-148558d,2,4,1000000,74168632
worker-firm,,rust,6,99689,1463,80088644,8,1,20260824T201216Z-a28f802-148558d,2,4,1000000,74168632
worker-firm,,rust,7,59839,805,80088644,8,1,20260824T201216Z-a28f802-148558d,2,4,1000000,74168632
worker-firm,,rust,8,35432,492,80088644,8,0,20260824T201216Z-a28f802-148558d,2,4,1000000,74168632
worker-firm,,rust,0,3999992,1000000,80088644,8,1,20260824T201216Z-a28f802-148558d,2,8,1000000,74168632
worker-firm,,rust,1,1859979,326085,80088644,8,1,20260824T201216Z-a28f802-148558d,2,8,1000000,74168632
worker-firm,,rust,2,756874,63926,80088644,8,1,20260824T201216Z-a28f802-148558d,2,8,1000000,74168632
worker-firm,,rust,3,423975,19675,80088644,8,1,20260824T201216Z-a28f802-148558d,2,8,1000000,74168632
worker-firm,,rust,4,259888,7750,80088644,8,1,20260824T201216Z-a28f802-148558d,2,8,1000000,74168632
worker-firm,,rust,5,162389,3157,80088644,8,1,20260824T201216Z-a28f802-148558d,2,8,1000000,74168632
worker-firm,,rust,6,99689,1463,80088644,8,1,20260824T201216Z-a28f802-148558d,2,8,1000000,74168632
worker-firm,,rust,7,59839,805,80088644,8,1,20260824T201216Z-a28f802-148558d,2,8,1000000,74168632
worker-firm,,rust,8,35432,492,80088644,8,0,20260824T201216Z-a28f802-148558d,2,8,1000000,74168632
dense-worker-firm,3,matlab,0,5099948.0,300000,0,0,1,20260824T201216Z-a28f802-148558d,3,1,300000,0
dense-worker-firm,3,matlab,1,4610585.0,149893,0,0,1,20260824T201216Z-a28f802-148558d,3,1,300000,0
dense-worker-firm,3,matlab,2,4405315.0,112279,0,0,1,20260824T201216Z-a28f802-148558d,3,1,300000,0
dense-worker-firm,3,matlab,3,4273033.0,96537,0,0,1,20260824T201216Z-a28f802-148558d,3,1,300000,0
dense-worker-firm,3,matlab,4,4197030.0,90862,0,0,1,20260824T201216Z-a28f802-148558d,3,1,300000,0
dense-worker-firm,3,matlab,5,4135504.0,87380,0,0,0,20260824T201216Z-a28f802-148558d,3,1,300000,0
dense-worker-firm,3,matlab,0,5099948.0,300000,0,0,1,20260824T201216Z-a28f802-148558d,3,16,300000,0
dense-worker-firm,3,matlab,1,4610585.0,149893,0,0,1,20260824T201216Z-a28f802-148558d,3,16,300000,0
dense-worker-firm,3,matlab,2,4405315.0,112279,0,0,1,20260824T201216Z-a28f802-148558d,3,16,300000,0
dense-worker-firm,3,matlab,3,4273033.0,96537,0,0,1,20260824T201216Z-a28f802-148558d,3,16,300000,0
dense-worker-firm,3,matlab,4,4197030.0,90862,0,0,1,20260824T201216Z-a28f802-148558d,3,16,300000,0
dense-worker-firm,3,matlab,5,4135504.0,87380,0,0,0,20260824T201216Z-a28f802-148558d,3,16,300000,0
dense-worker-firm,3,matlab,0,5099948.0,300000,0,0,1,20260824T201216Z-a28f802-148558d,3,2,300000,0
dense-worker-firm,3,matlab,1,4610585.0,149893,0,0,1,20260824T201216Z-a28f802-148558d,3,2,300000,0
dense-worker-firm,3,matlab,2,4405315.0,112279,0,0,1,20260824T201216Z-a28f802-148558d,3,2,300000,0
dense-worker-firm,3,matlab,3,4273033.0,96537,0,0,1,20260824T201216Z-a28f802-148558d,3,2,300000,0
dense-worker-firm,3,matlab,4,4197030.0,90862,0,0,1,20260824T201216Z-a28f802-148558d,3,2,300000,0
dense-worker-firm,3,matlab,5,4135504.0,87380,0,0,0,20260824T201216Z-a28f802-148558d,3,2,300000,0
dense-worker-firm,3,matlab,0,5099948.0,300000,0,0,1,20260824T201216Z-a28f802-148558d,3,32,300000,0
dense-worker-firm,3,matlab,1,4610585.0,149893,0,0,1,20260824T201216Z-a28f802-148558d,3,32,300000,0
dense-worker-firm,3,matlab,2,4405315.0,112279,0,0,1,20260824T201216Z-a28f802-148558d,3,32,300000,0
dense-worker-firm,3,matlab,3,4273033.0,96537,0,0,1,20260824T201216Z-a28f802-148558d,3,32,300000,0
dense-worker-firm,3,matlab,4,4197030.0,90862,0,0,1,20260824T201216Z-a28f802-148558d,3,32,300000,0
dense-worker-firm,3,matlab,5,4135504.0,87380,0,0,0,20260824T201216Z-a28f802-148558d,3,32,300000,0
dense-worker-firm,3,matlab,0,5099948.0,300000,0,0,1,20260824T201216Z-a28f802-148558d,3,4,300000,0
dense-worker-firm,3,matlab,1,4610585.0,149893,0,0,1,20260824T201216Z-a28f802-148558d,3,4,300000,0
dense-worker-firm,3,matlab,2,4405315.0,112279,0,0,1,20260824T201216Z-a28f802-148558d,3,4,300000,0
dense-worker-firm,3,matlab,3,4273033.0,96537,0,0,1,20260824T201216Z-a28f802-148558d,3,4,300000,0
dense-worker-firm,3,matlab,4,4197030.0,90862,0,0,1,20260824T201216Z-a28f802-148558d,3,4,300000,0
dense-worker-firm,3,matlab,5,4135504.0,87380,0,0,0,20260824T201216Z-a28f802-148558d,3,4,300000,0
dense-worker-firm,3,matlab,0,5099948.0,300000,0,0,1,20260824T201216Z-a28f802-148558d,3,8,300000,0
dense-worker-firm,3,matlab,1,4610585.0,149893,0,0,1,20260824T201216Z-a28f802-148558d,3,8,300000,0
dense-worker-firm,3,matlab,2,4405315.0,112279,0,0,1,20260824T201216Z-a28f802-148558d,3,8,300000,0
dense-worker-firm,3,matlab,3,4273033.0,96537,0,0,1,20260824T201216Z-a28f802-148558d,3,8,300000,0
dense-worker-firm,3,matlab,4,4197030.0,90862,0,0,1,20260824T201216Z-a28f802-148558d,3,8,300000,0
dense-worker-firm,3,matlab,5,4135504.0,87380,0,0,0,20260824T201216Z-a28f802-148558d,3,8,300000,0
dense-worker-firm,,rust,0,5099948,300000,0,0,1,20260824T201216Z-a28f802-148558d,3,1,300000,32087056
dense-worker-firm,,rust,1,4610585,149893,0,0,1,20260824T201216Z-a28f802-148558d,3,1,300000,32087056
dense-worker-firm,,rust,2,4405315,112279,0,0,1,20260824T201216Z-a28f802-148558d,3,1,300000,32087056
dense-worker-firm,,rust,3,4273033,96537,0,0,1,20260824T201216Z-a28f802-148558d,3,1,300000,32087056
dense-worker-firm,,rust,4,4197030,90862,0,0,1,20260824T201216Z-a28f802-148558d,3,1,300000,32087056
dense-worker-firm,,rust,5,4135504,87380,0,0,0,20260824T201216Z-a28f802-148558d,3,1,300000,32087056
dense-worker-firm,,rust,0,5099948,300000,265034384,5,1,20260824T201216Z-a28f802-148558d,3,16,300000,32087056
dense-worker-firm,,rust,1,4610585,149893,265034384,5,1,20260824T201216Z-a28f802-148558d,3,16,300000,32087056
dense-worker-firm,,rust,2,4405315,112279,265034384,5,1,20260824T201216Z-a28f802-148558d,3,16,300000,32087056
dense-worker-firm,,rust,3,4273033,96537,265034384,5,1,20260824T201216Z-a28f802-148558d,3,16,300000,32087056
dense-worker-firm,,rust,4,4197030,90862,265034384,5,1,20260824T201216Z-a28f802-148558d,3,16,300000,32087056
dense-worker-firm,,rust,5,4135504,87380,265034384,5,0,20260824T201216Z-a28f802-148558d,3,16,300000,32087056
dense-worker-firm,,rust,0,5099948,300000,265034384,5,1,20260824T201216Z-a28f802-148558d,3,2,300000,32087056
dense-worker-firm,,rust,1,4610585,149893,265034384,5,1,20260824T201216Z-a28f802-148558d,3,2,300000,32087056
dense-worker-firm,,rust,2,4405315,112279,265034384,5,1,20260824T201216Z-a28f802-148558d,3,2,300000,32087056
dense-worker-firm,,rust,3,4273033,96537,265034384,5,1,20260824T201216Z-a28f802-148558d,3,2,300000,32087056
dense-worker-firm,,rust,4,4197030,90862,265034384,5,1,20260824T201216Z-a28f802-148558d,3,2,300000,32087056
dense-worker-firm,,rust,5,4135504,87380,265034384,5,0,20260824T201216Z-a28f802-148558d,3,2,300000,32087056
dense-worker-firm,,rust,0,5099948,300000,265034384,5,1,20260824T201216Z-a28f802-148558d,3,32,300000,32087056
dense-worker-firm,,rust,1,4610585,149893,265034384,5,1,20260824T201216Z-a28f802-148558d,3,32,300000,32087056
dense-worker-firm,,rust,2,4405315,112279,265034384,5,1,20260824T201216Z-a28f802-148558d,3,32,300000,32087056
dense-worker-firm,,rust,3,4273033,96537,265034384,5,1,20260824T201216Z-a28f802-148558d,3,32,300000,32087056
dense-worker-firm,,rust,4,4197030,90862,265034384,5,1,20260824T201216Z-a28f802-148558d,3,32,300000,32087056
dense-worker-firm,,rust,5,4135504,87380,265034384,5,0,20260824T201216Z-a28f802-148558d,3,32,300000,32087056
dense-worker-firm,,rust,0,5099948,300000,265034384,5,1,20260824T201216Z-a28f802-148558d,3,4,300000,32087056
dense-worker-firm,,rust,1,4610585,149893,265034384,5,1,20260824T201216Z-a28f802-148558d,3,4,300000,32087056
dense-worker-firm,,rust,2,4405315,112279,265034384,5,1,20260824T201216Z-a28f802-148558d,3,4,300000,32087056
dense-worker-firm,,rust,3,4273033,96537,265034384,5,1,20260824T201216Z-a28f802-148558d,3,4,300000,32087056
dense-worker-firm,,rust,4,4197030,90862,265034384,5,1,20260824T201216Z-a28f802-148558d,3,4,300000,32087056
dense-worker-firm,,rust,5,4135504,87380,265034384,5,0,20260824T201216Z-a28f802-148558d,3,4,300000,32087056
dense-worker-firm,,rust,0,5099948,300000,265034384,5,1,20260824T201216Z-a28f802-148558d,3,8,300000,32087056
dense-worker-firm,,rust,1,4610585,149893,265034384,5,1,20260824T201216Z-a28f802-148558d,3,8,300000,32087056
dense-worker-firm,,rust,2,4405315,112279,265034384,5,1,20260824T201216Z-a28f802-148558d,3,8,300000,32087056
dense-worker-firm,,rust,3,4273033,96537,265034384,5,1,20260824T201216Z-a28f802-148558d,3,8,300000,32087056
dense-worker-firm,,rust,4,4197030,90862,265034384,5,1,20260824T201216Z-a28f802-148558d,3,8,300000,32087056
dense-worker-firm,,rust,5,4135504,87380,265034384,5,0,20260824T201216Z-a28f802-148558d,3,8,300000,32087056
dense-worker-firm,3,matlab,0,16999956.0,1000000.0,0,0,1,20260824T201216Z-a28f802-148558d,4,1,1000000.0,0
dense-worker-firm,3,matlab,1,15487049.0,537979,0,0,1,20260824T201216Z-a28f802-148558d,4,1,1000000.0,0
dense-worker-firm,3,matlab,2,14787217.0,392061,0,0,1,20260824T201216Z-a28f802-148558d,4,1,1000000.0,0
dense-worker-firm,3,matlab,3,14418457.0,340193,0,0,1,20260824T201216Z-a28f802-148558d,4,1,1000000.0,0
dense-worker-firm,3,matlab,4,14208743.0,320031,0,0,1,20260824T201216Z-a28f802-148558d,4,1,1000000.0,0
dense-worker-firm,3,matlab,5,14069670.0,310702,0,0,0,20260824T201216Z-a28f802-148558d,4,1,1000000.0,0
dense-worker-firm,3,matlab,0,16999956.0,1000000.0,0,0,1,20260824T201216Z-a28f802-148558d,4,16,1000000.0,0
dense-worker-firm,3,matlab,1,15487049.0,537979,0,0,1,20260824T201216Z-a28f802-148558d,4,16,1000000.0,0
dense-worker-firm,3,matlab,2,14787217.0,392061,0,0,1,20260824T201216Z-a28f802-148558d,4,16,1000000.0,0
dense-worker-firm,3,matlab,3,14418457.0,340193,0,0,1,20260824T201216Z-a28f802-148558d,4,16,1000000.0,0
dense-worker-firm,3,matlab,4,14208743.0,320031,0,0,1,20260824T201216Z-a28f802-148558d,4,16,1000000.0,0
dense-worker-firm,3,matlab,5,14069670.0,310702,0,0,0,20260824T201216Z-a28f802-148558d,4,16,1000000.0,0
dense-worker-firm,3,matlab,0,16999956.0,1000000.0,0,0,1,20260824T201216Z-a28f802-148558d,4,2,1000000.0,0
dense-worker-firm,3,matlab,1,15487049.0,537979,0,0,1,20260824T201216Z-a28f802-148558d,4,2,1000000.0,0
dense-worker-firm,3,matlab,2,14787217.0,392061,0,0,1,20260824T201216Z-a28f802-148558d,4,2,1000000.0,0
dense-worker-firm,3,matlab,3,14418457.0,340193,0,0,1,20260824T201216Z-a28f802-148558d,4,2,1000000.0,0
dense-worker-firm,3,matlab,4,14208743.0,320031,0,0,1,20260824T201216Z-a28f802-148558d,4,2,1000000.0,0
dense-worker-firm,3,matlab,5,14069670.0,310702,0,0,0,20260824T201216Z-a28f802-148558d,4,2,1000000.0,0
dense-worker-firm,3,matlab,0,16999956.0,1000000.0,0,0,1,20260824T201216Z-a28f802-148558d,4,32,1000000.0,0
dense-worker-firm,3,matlab,1,15487049.0,537979,0,0,1,20260824T201216Z-a28f802-148558d,4,32,1000000.0,0
dense-worker-firm,3,matlab,2,14787217.0,392061,0,0,1,20260824T201216Z-a28f802-148558d,4,32,1000000.0,0
dense-worker-firm,3,matlab,3,14418457.0,340193,0,0,1,20260824T201216Z-a28f802-148558d,4,32,1000000.0,0
dense-worker-firm,3,matlab,4,14208743.0,320031,0,0,1,20260824T201216Z-a28f802-148558d,4,32,1000000.0,0
dense-worker-firm,3,matlab,5,14069670.0,310702,0,0,0,20260824T201216Z-a28f802-148558d,4,32,1000000.0,0
dense-worker-firm,3,matlab,0,16999956.0,1000000.0,0,0,1,20260824T201216Z-a28f802-148558d,4,4,1000000.0,0
dense-worker-firm,3,matlab,1,15487049.0,537979,0,0,1,20260824T201216Z-a28f802-148558d,4,4,1000000.0,0
dense-worker-firm,3,matlab,2,14787217.0,392061,0,0,1,20260824T201216Z-a28f802-148558d,4,4,1000000.0,0
dense-worker-firm,3,matlab,3,14418457.0,340193,0,0,1,20260824T201216Z-a28f802-148558d,4,4,1000000.0,0
dense-worker-firm,3,matlab,4,14208743.0,320031,0,0,1,20260824T201216Z-a28f802-148558d,4,4,1000000.0,0
dense-worker-firm,3,matlab,5,14069670.0,310702,0,0,0,20260824T201216Z-a28f802-148558d,4,4,1000000.0,0
dense-worker-firm,3,matlab,0,16999956.0,1000000.0,0,0,1,20260824T201216Z-a28f802-148558d,4,8,1000000.0,0
dense-worker-firm,3,matlab,1,15487049.0,537979,0,0,1,20260824T201216Z-a28f802-148558d,4,8,1000000.0,0
dense-worker-firm,3,matlab,2,14787217.0,392061,0,0,1,20260824T201216Z-a28f802-148558d,4,8,1000000.0,0
dense-worker-firm,3,matlab,3,14418457.0,340193,0,0,1,20260824T201216Z-a28f802-148558d,4,8,1000000.0,0
dense-worker-firm,3,matlab,4,14208743.0,320031,0,0,1,20260824T201216Z-a28f802-148558d,4,8,1000000.0,0
dense-worker-firm,3,matlab,5,14069670.0,310702,0,0,0,20260824T201216Z-a28f802-148558d,4,8,1000000.0,0
dense-worker-firm,,rust,0,16999956,1000000,0,0,1,20260824T201216Z-a28f802-148558d,4,1,1000000,109623416
dense-worker-firm,,rust,1,15487049,537979,0,0,1,20260824T201216Z-a28f802-148558d,4,1,1000000,109623416
dense-worker-firm,,rust,2,14787217,392061,0,0,1,20260824T201216Z-a28f802-148558d,4,1,1000000,109623416
dense-worker-firm,,rust,3,14418457,340193,0,0,1,20260824T201216Z-a28f802-148558d,4,1,1000000,109623416
dense-worker-firm,,rust,4,14208743,320031,0,0,1,20260824T201216Z-a28f802-148558d,4,1,1000000,109623416
dense-worker-firm,,rust,5,14069670,310702,0,0,0,20260824T201216Z-a28f802-148558d,4,1,1000000,109623416
dense-worker-firm,,rust,0,16999956,1000000,890094972,5,1,20260824T201216Z-a28f802-148558d,4,16,1000000,109623416
dense-worker-firm,,rust,1,15487049,537979,890094972,5,1,20260824T201216Z-a28f802-148558d,4,16,1000000,109623416
dense-worker-firm,,rust,2,14787217,392061,890094972,5,1,20260824T201216Z-a28f802-148558d,4,16,1000000,109623416
dense-worker-firm,,rust,3,14418457,340193,890094972,5,1,20260824T201216Z-a28f802-148558d,4,16,1000000,109623416
dense-worker-firm,,rust,4,14208743,320031,890094972,5,1,20260824T201216Z-a28f802-148558d,4,16,1000000,109623416
dense-worker-firm,,rust,5,14069670,310702,890094972,5,0,20260824T201216Z-a28f802-148558d,4,16,1000000,109623416
dense-worker-firm,,rust,0,16999956,1000000,890094972,5,1,20260824T201216Z-a28f802-148558d,4,2,1000000,109623416
dense-worker-firm,,rust,1,15487049,537979,890094972,5,1,20260824T201216Z-a28f802-148558d,4,2,1000000,109623416
dense-worker-firm,,rust,2,14787217,392061,890094972,5,1,20260824T201216Z-a28f802-148558d,4,2,1000000,109623416
dense-worker-firm,,rust,3,14418457,340193,890094972,5,1,20260824T201216Z-a28f802-148558d,4,2,1000000,109623416
dense-worker-firm,,rust,4,14208743,320031,890094972,5,1,20260824T201216Z-a28f802-148558d,4,2,1000000,109623416
dense-worker-firm,,rust,5,14069670,310702,890094972,5,0,20260824T201216Z-a28f802-148558d,4,2,1000000,109623416
dense-worker-firm,,rust,0,16999956,1000000,890094972,5,1,20260824T201216Z-a28f802-148558d,4,32,1000000,109623416
dense-worker-firm,,rust,1,15487049,537979,890094972,5,1,20260824T201216Z-a28f802-148558d,4,32,1000000,109623416
dense-worker-firm,,rust,2,14787217,392061,890094972,5,1,20260824T201216Z-a28f802-148558d,4,32,1000000,109623416
dense-worker-firm,,rust,3,14418457,340193,890094972,5,1,20260824T201216Z-a28f802-148558d,4,32,1000000,109623416
dense-worker-firm,,rust,4,14208743,320031,890094972,5,1,20260824T201216Z-a28f802-148558d,4,32,1000000,109623416
dense-worker-firm,,rust,5,14069670,310702,890094972,5,0,20260824T201216Z-a28f802-148558d,4,32,1000000,109623416
dense-worker-firm,,rust,0,16999956,1000000,890094972,5,1,20260824T201216Z-a28f802-148558d,4,4,1000000,109623416
dense-worker-firm,,rust,1,15487049,537979,890094972,5,1,20260824T201216Z-a28f802-148558d,4,4,1000000,109623416
dense-worker-firm,,rust,2,14787217,392061,890094972,5,1,20260824T201216Z-a28f802-148558d,4,4,1000000,109623416
dense-worker-firm,,rust,3,14418457,340193,890094972,5,1,20260824T201216Z-a28f802-148558d,4,4,1000000,109623416
dense-worker-firm,,rust,4,14208743,320031,890094972,5,1,20260824T201216Z-a28f802-148558d,4,4,1000000,109623416
dense-worker-firm,,rust,5,14069670,310702,890094972,5,0,20260824T201216Z-a28f802-148558d,4,4,1000000,109623416
dense-worker-firm,,rust,0,16999956,1000000,890094972,5,1,20260824T201216Z-a28f802-148558d,4,8,1000000,109623416
dense-worker-firm,,rust,1,15487049,537979,890094972,5,1,20260824T201216Z-a28f802-148558d,4,8,1000000,109623416
dense-worker-firm,,rust,2,14787217,392061,890094972,5,1,20260824T201216Z-a28f802-148558d,4,8,1000000,109623416
dense-worker-firm,,rust,3,14418457,340193,890094972,5,1,20260824T201216Z-a28f802-148558d,4,8,1000000,109623416
dense-worker-firm,,rust,4,14208743,320031,890094972,5,1,20260824T201216Z-a28f802-148558d,4,8,1000000,109623416
dense-worker-firm,,rust,5,14069670,310702,890094972,5,0,20260824T201216Z-a28f802-148558d,4,8,1000000,109623416
