backward_error,batch_time_median_ns,family,implementation,independent_relative_residual,iterations,reference_scaled_error,rhs_index,run_id,seconds_per_rhs,task_id,threads,vertices
1.7818676632178307e-09,5092665000.0,worker-firm,matlab,9.432110606925135e-09,22,1.3887383703674492e-06,1,20260824T201216Z-a28f802-148558d,0.3182915625,1,1,300000
1.7229086223888336e-09,5092665000.0,worker-firm,matlab,9.150554062600485e-09,22,1.1683749529581252e-06,2,20260824T201216Z-a28f802-148558d,0.3182915625,1,1,300000
1.723394698210329e-09,5092665000.0,worker-firm,matlab,9.127863265972311e-09,22,1.42240293553969e-06,3,20260824T201216Z-a28f802-148558d,0.3182915625,1,1,300000
1.8350490905433262e-09,5092665000.0,worker-firm,matlab,9.758125190104255e-09,22,1.4547509196697133e-06,4,20260824T201216Z-a28f802-148558d,0.3182915625,1,1,300000
1.808276854415436e-09,5092665000.0,worker-firm,matlab,9.586902501791235e-09,22,1.629681979581467e-06,5,20260824T201216Z-a28f802-148558d,0.3182915625,1,1,300000
1.7101867428907998e-09,5092665000.0,worker-firm,matlab,9.088936495319333e-09,22,1.4601944195677124e-06,6,20260824T201216Z-a28f802-148558d,0.3182915625,1,1,300000
1.6937340011901641e-09,5092665000.0,worker-firm,matlab,8.971099343343855e-09,22,1.5474173895611107e-06,7,20260824T201216Z-a28f802-148558d,0.3182915625,1,1,300000
1.680020311424928e-09,5092665000.0,worker-firm,matlab,8.931089413057004e-09,22,1.6971196443872666e-06,8,20260824T201216Z-a28f802-148558d,0.3182915625,1,1,300000
1.7489465621982888e-09,5092665000.0,worker-firm,matlab,9.238496210134876e-09,22,1.544766806088318e-06,9,20260824T201216Z-a28f802-148558d,0.3182915625,1,1,300000
1.6070603510144666e-09,5092665000.0,worker-firm,matlab,8.536355387641209e-09,22,1.2042142621671979e-06,10,20260824T201216Z-a28f802-148558d,0.3182915625,1,1,300000
1.7625593200190202e-09,5092665000.0,worker-firm,matlab,9.299012948754442e-09,22,1.4648388822258664e-06,11,20260824T201216Z-a28f802-148558d,0.3182915625,1,1,300000
1.6612462511350093e-09,5092665000.0,worker-firm,matlab,8.818645837439456e-09,22,1.321109477711065e-06,12,20260824T201216Z-a28f802-148558d,0.3182915625,1,1,300000
1.8364722783006724e-09,5092665000.0,worker-firm,matlab,9.68104271401712e-09,22,1.4848339312793865e-06,13,20260824T201216Z-a28f802-148558d,0.3182915625,1,1,300000
1.676138456782331e-09,5092665000.0,worker-firm,matlab,8.902069008388898e-09,22,1.2573144459291725e-06,14,20260824T201216Z-a28f802-148558d,0.3182915625,1,1,300000
1.8328337098519785e-09,5092665000.0,worker-firm,matlab,9.661594168001086e-09,22,1.3587874892124247e-06,15,20260824T201216Z-a28f802-148558d,0.3182915625,1,1,300000
1.6732235413825825e-09,5092665000.0,worker-firm,matlab,8.895009264233783e-09,22,1.3793935398756631e-06,16,20260824T201216Z-a28f802-148558d,0.3182915625,1,1,300000
1.7818676633727e-09,4915414000.0,worker-firm,matlab,9.432110607744925e-09,22,1.3887383697354816e-06,1,20260824T201216Z-a28f802-148558d,0.307213375,1,16,300000
1.7229086226453288e-09,4915414000.0,worker-firm,matlab,9.150554063962746e-09,22,1.1683749542678067e-06,2,20260824T201216Z-a28f802-148558d,0.307213375,1,16,300000
1.7233946984236624e-09,4915414000.0,worker-firm,matlab,9.127863267102212e-09,22,1.4224029349575235e-06,3,20260824T201216Z-a28f802-148558d,0.307213375,1,16,300000
1.8350490904496641e-09,4915414000.0,worker-firm,matlab,9.758125189606195e-09,22,1.4547509197705888e-06,4,20260824T201216Z-a28f802-148558d,0.307213375,1,16,300000
1.80827685442074e-09,4915414000.0,worker-firm,matlab,9.586902501819354e-09,22,1.629681979469259e-06,5,20260824T201216Z-a28f802-148558d,0.307213375,1,16,300000
1.710186742933562e-09,4915414000.0,worker-firm,matlab,9.088936495546598e-09,22,1.460194419533102e-06,6,20260824T201216Z-a28f802-148558d,0.307213375,1,16,300000
1.6937340011597928e-09,4915414000.0,worker-firm,matlab,8.971099343182984e-09,22,1.547417388859028e-06,7,20260824T201216Z-a28f802-148558d,0.307213375,1,16,300000
1.6800203113530858e-09,4915414000.0,worker-firm,matlab,8.931089412675083e-09,22,1.697119643615202e-06,8,20260824T201216Z-a28f802-148558d,0.307213375,1,16,300000
1.7489465622670893e-09,4915414000.0,worker-firm,matlab,9.238496210498304e-09,22,1.5447668058461537e-06,9,20260824T201216Z-a28f802-148558d,0.307213375,1,16,300000
1.6070603508386114e-09,4915414000.0,worker-firm,matlab,8.536355386707107e-09,22,1.204214262250145e-06,10,20260824T201216Z-a28f802-148558d,0.307213375,1,16,300000
1.7625593198688605e-09,4915414000.0,worker-firm,matlab,9.299012947962222e-09,22,1.464838882248183e-06,11,20260824T201216Z-a28f802-148558d,0.307213375,1,16,300000
1.661246251082133e-09,4915414000.0,worker-firm,matlab,8.818645837158764e-09,22,1.3211094781495617e-06,12,20260824T201216Z-a28f802-148558d,0.307213375,1,16,300000
1.8364722782258318e-09,4915414000.0,worker-firm,matlab,9.681042713622587e-09,22,1.484833930392501e-06,13,20260824T201216Z-a28f802-148558d,0.307213375,1,16,300000
1.6761384568536332e-09,4915414000.0,worker-firm,matlab,8.902069008767593e-09,22,1.2573144455091752e-06,14,20260824T201216Z-a28f802-148558d,0.307213375,1,16,300000
1.832833709642359e-09,4915414000.0,worker-firm,matlab,9.661594166896095e-09,22,1.3587874898695554e-06,15,20260824T201216Z-a28f802-148558d,0.307213375,1,16,300000
1.6732235413395617e-09,4915414000.0,worker-firm,matlab,8.89500926400508e-09,22,1.3793935396059606e-06,16,20260824T201216Z-a28f802-148558d,0.307213375,1,16,300000
1.7818676634924888e-09,4786754000.0,worker-firm,matlab,9.432110608379009e-09,22,1.3887383696418569e-06,1,20260824T201216Z-a28f802-148558d,0.299172125,1,2,300000
1.7229086224316203e-09,4786754000.0,worker-firm,matlab,9.150554062827718e-09,22,1.168374953291561e-06,2,20260824T201216Z-a28f802-148558d,0.299172125,1,2,300000
1.7233946983573672e-09,4786754000.0,worker-firm,matlab,9.1278632667511e-09,22,1.4224029356835197e-06,3,20260824T201216Z-a28f802-148558d,0.299172125,1,2,300000
1.8350490906773173e-09,4786754000.0,worker-firm,matlab,9.75812519081677e-09,22,1.4547509201135654e-06,4,20260824T201216Z-a28f802-148558d,0.299172125,1,2,300000
1.8082768544220384e-09,4786754000.0,worker-firm,matlab,9.586902501826237e-09,22,1.6296819796064021e-06,5,20260824T201216Z-a28f802-148558d,0.299172125,1,2,300000
1.7101867429122798e-09,4786754000.0,worker-firm,matlab,9.08893649543349e-09,22,1.4601944198355093e-06,6,20260824T201216Z-a28f802-148558d,0.299172125,1,2,300000
1.69373400113373e-09,4786754000.0,worker-firm,matlab,8.971099343044947e-09,22,1.5474173885225064e-06,7,20260824T201216Z-a28f802-148558d,0.299172125,1,2,300000
1.680020311420794e-09,4786754000.0,worker-firm,matlab,8.931089413035024e-09,22,1.6971196445199121e-06,8,20260824T201216Z-a28f802-148558d,0.299172125,1,2,300000
1.7489465621226346e-09,4786754000.0,worker-firm,matlab,9.238496209735233e-09,22,1.5447668058327e-06,9,20260824T201216Z-a28f802-148558d,0.299172125,1,2,300000
1.607060351007675e-09,4786754000.0,worker-firm,matlab,8.536355387605132e-09,22,1.20421426342782e-06,10,20260824T201216Z-a28f802-148558d,0.299172125,1,2,300000
1.7625593198915546e-09,4786754000.0,worker-firm,matlab,9.299012948081946e-09,22,1.4648388816542165e-06,11,20260824T201216Z-a28f802-148558d,0.299172125,1,2,300000
1.6612462509323885e-09,4786754000.0,worker-firm,matlab,8.818645836363853e-09,22,1.3211094774070583e-06,12,20260824T201216Z-a28f802-148558d,0.299172125,1,2,300000
1.836472278326048e-09,4786754000.0,worker-firm,matlab,9.68104271415089e-09,22,1.4848339306199076e-06,13,20260824T201216Z-a28f802-148558d,0.299172125,1,2,300000
1.676138456878764e-09,4786754000.0,worker-firm,matlab,8.902069008901059e-09,22,1.2573144461692328e-06,14,20260824T201216Z-a28f802-148558d,0.299172125,1,2,300000
1.8328337100639323e-09,4786754000.0,worker-firm,matlab,9.661594169118382e-09,22,1.358787489753591e-06,15,20260824T201216Z-a28f802-148558d,0.299172125,1,2,300000
1.673223541493088e-09,4786754000.0,worker-firm,matlab,8.89500926482124e-09,22,1.3793935396810677e-06,16,20260824T201216Z-a28f802-148558d,0.299172125,1,2,300000
1.781867663335569e-09,4936225000.0,worker-firm,matlab,9.432110607548374e-09,22,1.3887383691503264e-06,1,20260824T201216Z-a28f802-148558d,0.3085140625,1,32,300000
1.722908622437196e-09,4936225000.0,worker-firm,matlab,9.15055406285735e-09,22,1.168374954546243e-06,2,20260824T201216Z-a28f802-148558d,0.3085140625,1,32,300000
1.72339469855473e-09,4936225000.0,worker-firm,matlab,9.127863267796406e-09,22,1.4224029355020208e-06,3,20260824T201216Z-a28f802-148558d,0.3085140625,1,32,300000
1.835049090367594e-09,4936225000.0,worker-firm,matlab,9.758125189169775e-09,22,1.4547509196024632e-06,4,20260824T201216Z-a28f802-148558d,0.3085140625,1,32,300000
1.8082768542585166e-09,4936225000.0,worker-firm,matlab,9.586902500959303e-09,22,1.6296819787960097e-06,5,20260824T201216Z-a28f802-148558d,0.3085140625,1,32,300000
1.7101867429380721e-09,4936225000.0,worker-firm,matlab,9.08893649557057e-09,22,1.4601944197641256e-06,6,20260824T201216Z-a28f802-148558d,0.3085140625,1,32,300000
1.6937340012748844e-09,4936225000.0,worker-firm,matlab,8.971099343792558e-09,22,1.5474173881142393e-06,7,20260824T201216Z-a28f802-148558d,0.3085140625,1,32,300000
1.680020311412526e-09,4936225000.0,worker-firm,matlab,8.931089412991074e-09,22,1.6971196446457552e-06,8,20260824T201216Z-a28f802-148558d,0.3085140625,1,32,300000
1.7489465621710571e-09,4936225000.0,worker-firm,matlab,9.23849620999103e-09,22,1.5447668057116176e-06,9,20260824T201216Z-a28f802-148558d,0.3085140625,1,32,300000
1.6070603510377818e-09,4936225000.0,worker-firm,matlab,8.536355387765051e-09,22,1.2042142624549205e-06,10,20260824T201216Z-a28f802-148558d,0.3085140625,1,32,300000
1.7625593197404115e-09,4936225000.0,worker-firm,matlab,9.299012947284538e-09,22,1.4648388819511998e-06,11,20260824T201216Z-a28f802-148558d,0.3085140625,1,32,300000
1.661246251111862e-09,4936225000.0,worker-firm,matlab,8.81864583731658e-09,22,1.3211094790230951e-06,12,20260824T201216Z-a28f802-148558d,0.3085140625,1,32,300000
1.8364722781506586e-09,4936225000.0,worker-firm,matlab,9.681042713226316e-09,22,1.4848339312339053e-06,13,20260824T201216Z-a28f802-148558d,0.3085140625,1,32,300000
1.676138457000333e-09,4936225000.0,worker-firm,matlab,8.902069009546724e-09,22,1.257314445525612e-06,14,20260824T201216Z-a28f802-148558d,0.3085140625,1,32,300000
1.8328337096934408e-09,4936225000.0,worker-firm,matlab,9.661594167165367e-09,22,1.3587874898953253e-06,15,20260824T201216Z-a28f802-148558d,0.3085140625,1,32,300000
1.6732235413983283e-09,4936225000.0,worker-firm,matlab,8.895009264317489e-09,22,1.3793935396947236e-06,16,20260824T201216Z-a28f802-148558d,0.3085140625,1,32,300000
1.7818676630895648e-09,4869341000.0,worker-firm,matlab,9.432110606246178e-09,22,1.3887383692439515e-06,1,20260824T201216Z-a28f802-148558d,0.3043338125,1,4,300000
1.72290862240453e-09,4869341000.0,worker-firm,matlab,9.150554062683835e-09,22,1.1683749535734347e-06,2,20260824T201216Z-a28f802-148558d,0.3043338125,1,4,300000
1.7233946983382928e-09,4869341000.0,worker-firm,matlab,9.127863266650055e-09,22,1.422402934851364e-06,3,20260824T201216Z-a28f802-148558d,0.3043338125,1,4,300000
1.835049090391583e-09,4869341000.0,worker-firm,matlab,9.75812518929734e-09,22,1.4547509194276125e-06,4,20260824T201216Z-a28f802-148558d,0.3043338125,1,4,300000
1.8082768543641922e-09,4869341000.0,worker-firm,matlab,9.586902501519554e-09,22,1.62968197925731e-06,5,20260824T201216Z-a28f802-148558d,0.3043338125,1,4,300000
1.710186742983572e-09,4869341000.0,worker-firm,matlab,9.088936495812379e-09,22,1.4601944198242609e-06,6,20260824T201216Z-a28f802-148558d,0.3043338125,1,4,300000
1.6937340012022234e-09,4869341000.0,worker-firm,matlab,8.9710993434077e-09,22,1.547417388052743e-06,7,20260824T201216Z-a28f802-148558d,0.3043338125,1,4,300000
1.680020311342329e-09,4869341000.0,worker-firm,matlab,8.931089412617902e-09,22,1.6971196442070048e-06,8,20260824T201216Z-a28f802-148558d,0.3043338125,1,4,300000
1.748946562279185e-09,4869341000.0,worker-firm,matlab,9.238496210562196e-09,22,1.5447668055098137e-06,9,20260824T201216Z-a28f802-148558d,0.3043338125,1,4,300000
1.6070603510910762e-09,4869341000.0,worker-firm,matlab,8.536355388048142e-09,22,1.2042142623940062e-06,10,20260824T201216Z-a28f802-148558d,0.3043338125,1,4,300000
1.7625593198509872e-09,4869341000.0,worker-firm,matlab,9.299012947867922e-09,22,1.4648388814276166e-06,11,20260824T201216Z-a28f802-148558d,0.3043338125,1,4,300000
1.6612462510079494e-09,4869341000.0,worker-firm,matlab,8.818645836764964e-09,22,1.3211094790313115e-06,12,20260824T201216Z-a28f802-148558d,0.3043338125,1,4,300000
1.8364722785346824e-09,4869341000.0,worker-firm,matlab,9.681042715250705e-09,22,1.4848339306426483e-06,13,20260824T201216Z-a28f802-148558d,0.3043338125,1,4,300000
1.6761384572020135e-09,4869341000.0,worker-firm,matlab,8.902069010617857e-09,22,1.2573144453270756e-06,14,20260824T201216Z-a28f802-148558d,0.3043338125,1,4,300000
1.8328337098613703e-09,4869341000.0,worker-firm,matlab,9.661594168050594e-09,22,1.3587874891351152e-06,15,20260824T201216Z-a28f802-148558d,0.3043338125,1,4,300000
1.6732235414385498e-09,4869341000.0,worker-firm,matlab,8.89500926453131e-09,22,1.3793935396810677e-06,16,20260824T201216Z-a28f802-148558d,0.3043338125,1,4,300000
1.7818676632633504e-09,4598439000.0,worker-firm,matlab,9.43211060716609e-09,22,1.388738370227012e-06,1,20260824T201216Z-a28f802-148558d,0.2874024375,1,8,300000
1.7229086224645164e-09,4598439000.0,worker-firm,matlab,9.150554063002432e-09,22,1.1683749534015607e-06,2,20260824T201216Z-a28f802-148558d,0.2874024375,1,8,300000
1.7233946984019969e-09,4598439000.0,worker-firm,matlab,9.12786326698746e-09,22,1.422402935558525e-06,3,20260824T201216Z-a28f802-148558d,0.2874024375,1,8,300000
1.8350490904459147e-09,4598439000.0,worker-firm,matlab,9.758125189586258e-09,22,1.4547509193200118e-06,4,20260824T201216Z-a28f802-148558d,0.2874024375,1,8,300000
1.8082768544561122e-09,4598439000.0,worker-firm,matlab,9.586902502006885e-09,22,1.6296819790578288e-06,5,20260824T201216Z-a28f802-148558d,0.2874024375,1,8,300000
1.7101867429473974e-09,4598439000.0,worker-firm,matlab,9.088936495620126e-09,22,1.4601944196360675e-06,6,20260824T201216Z-a28f802-148558d,0.2874024375,1,8,300000
1.6937340011342405e-09,4598439000.0,worker-firm,matlab,8.971099343047642e-09,22,1.54741738854813e-06,7,20260824T201216Z-a28f802-148558d,0.2874024375,1,8,300000
1.6800203112367739e-09,4598439000.0,worker-firm,matlab,8.931089412056762e-09,22,1.697119643741045e-06,8,20260824T201216Z-a28f802-148558d,0.2874024375,1,8,300000
1.7489465621394785e-09,4598439000.0,worker-firm,matlab,9.238496209824223e-09,22,1.5447668059201484e-06,9,20260824T201216Z-a28f802-148558d,0.2874024375,1,8,300000
1.6070603510762705e-09,4598439000.0,worker-firm,matlab,8.536355387969499e-09,22,1.2042142625460757e-06,10,20260824T201216Z-a28f802-148558d,0.2874024375,1,8,300000
1.762559319779569e-09,4598439000.0,worker-firm,matlab,9.299012947491131e-09,22,1.4648388813297665e-06,11,20260824T201216Z-a28f802-148558d,0.2874024375,1,8,300000
1.6612462509344429e-09,4598439000.0,worker-firm,matlab,8.818645836374759e-09,22,1.3211094781175608e-06,12,20260824T201216Z-a28f802-148558d,0.2874024375,1,8,300000
1.8364722782842704e-09,4598439000.0,worker-firm,matlab,9.681042713930649e-09,22,1.4848339307790922e-06,13,20260824T201216Z-a28f802-148558d,0.2874024375,1,8,300000
1.6761384569791827e-09,4598439000.0,worker-firm,matlab,8.902069009434392e-09,22,1.257314445538588e-06,14,20260824T201216Z-a28f802-148558d,0.2874024375,1,8,300000
1.8328337097022602e-09,4598439000.0,worker-firm,matlab,9.661594167211858e-09,22,1.3587874899082104e-06,15,20260824T201216Z-a28f802-148558d,0.2874024375,1,8,300000
1.673223541355371e-09,4598439000.0,worker-firm,matlab,8.895009264089123e-09,22,1.3793935404423794e-06,16,20260824T201216Z-a28f802-148558d,0.2874024375,1,8,300000
7.0135040092317995e-09,4919726918,worker-firm,rust,3.712466959661623e-08,20,5.21211904799667e-06,1,20260824T201216Z-a28f802-148558d,0.307482932375,1,1,300000
6.876903523280078e-09,4919726918,worker-firm,rust,3.652279637980888e-08,20,5.0257756468242115e-06,2,20260824T201216Z-a28f802-148558d,0.307482932375,1,1,300000
6.696461254219308e-09,4919726918,worker-firm,rust,3.5466421513344576e-08,20,5.7907467932096204e-06,3,20260824T201216Z-a28f802-148558d,0.307482932375,1,1,300000
7.091844755714169e-09,4919726918,worker-firm,rust,3.7711825897193505e-08,20,5.908531567057476e-06,4,20260824T201216Z-a28f802-148558d,0.307482932375,1,1,300000
6.9355819982999825e-09,4919726918,worker-firm,rust,3.6769763408754355e-08,20,6.00850926053712e-06,5,20260824T201216Z-a28f802-148558d,0.307482932375,1,1,300000
6.678474187415238e-09,4919726918,worker-firm,rust,3.549326442545177e-08,20,5.617305262894586e-06,6,20260824T201216Z-a28f802-148558d,0.307482932375,1,1,300000
6.534088192729155e-09,4919726918,worker-firm,rust,3.4607074983342105e-08,20,5.057155123595205e-06,7,20260824T201216Z-a28f802-148558d,0.307482932375,1,1,300000
6.479593818170395e-09,4919726918,worker-firm,rust,3.444583884589164e-08,20,5.610450698499908e-06,8,20260824T201216Z-a28f802-148558d,0.307482932375,1,1,300000
6.936092702966132e-09,4919726918,worker-firm,rust,3.663836860111079e-08,20,6.013031194368436e-06,9,20260824T201216Z-a28f802-148558d,0.307482932375,1,1,300000
6.6231830556263316e-09,4919726918,worker-firm,rust,3.5180818161073894e-08,20,5.031706491220371e-06,10,20260824T201216Z-a28f802-148558d,0.307482932375,1,1,300000
7.039116265840274e-09,4919726918,worker-firm,rust,3.713697514715121e-08,20,4.995224149331336e-06,11,20260824T201216Z-a28f802-148558d,0.307482932375,1,1,300000
6.414013168527987e-09,4919726918,worker-firm,rust,3.404847709514447e-08,20,5.575942973291999e-06,12,20260824T201216Z-a28f802-148558d,0.307482932375,1,1,300000
7.224220524328227e-09,4919726918,worker-firm,rust,3.808166251221517e-08,20,5.523579170639015e-06,13,20260824T201216Z-a28f802-148558d,0.307482932375,1,1,300000
6.713529670173789e-09,4919726918,worker-firm,rust,3.5655583166328744e-08,20,5.229648035253299e-06,14,20260824T201216Z-a28f802-148558d,0.307482932375,1,1,300000
7.179449423838221e-09,4919726918,worker-firm,rust,3.784486353858942e-08,20,5.009143955182436e-06,15,20260824T201216Z-a28f802-148558d,0.307482932375,1,1,300000
6.403607450568248e-09,4919726918,worker-firm,rust,3.404213111445123e-08,20,6.2619921338726715e-06,16,20260824T201216Z-a28f802-148558d,0.307482932375,1,1,300000
7.0135040092317995e-09,721762058,worker-firm,rust,3.712466959661623e-08,20,5.21211904799667e-06,1,20260824T201216Z-a28f802-148558d,0.045110128625,1,16,300000
6.876903523280078e-09,721762058,worker-firm,rust,3.652279637980888e-08,20,5.0257756468242115e-06,2,20260824T201216Z-a28f802-148558d,0.045110128625,1,16,300000
6.696461254219308e-09,721762058,worker-firm,rust,3.5466421513344576e-08,20,5.7907467932096204e-06,3,20260824T201216Z-a28f802-148558d,0.045110128625,1,16,300000
7.091844755714169e-09,721762058,worker-firm,rust,3.7711825897193505e-08,20,5.908531567057476e-06,4,20260824T201216Z-a28f802-148558d,0.045110128625,1,16,300000
6.9355819982999825e-09,721762058,worker-firm,rust,3.6769763408754355e-08,20,6.00850926053712e-06,5,20260824T201216Z-a28f802-148558d,0.045110128625,1,16,300000
6.678474187415238e-09,721762058,worker-firm,rust,3.549326442545177e-08,20,5.617305262894586e-06,6,20260824T201216Z-a28f802-148558d,0.045110128625,1,16,300000
6.534088192729155e-09,721762058,worker-firm,rust,3.4607074983342105e-08,20,5.057155123595205e-06,7,20260824T201216Z-a28f802-148558d,0.045110128625,1,16,300000
6.479593818170395e-09,721762058,worker-firm,rust,3.444583884589164e-08,20,5.610450698499908e-06,8,20260824T201216Z-a28f802-148558d,0.045110128625,1,16,300000
6.936092702966132e-09,721762058,worker-firm,rust,3.663836860111079e-08,20,6.013031194368436e-06,9,20260824T201216Z-a28f802-148558d,0.045110128625,1,16,300000
6.6231830556263316e-09,721762058,worker-firm,rust,3.5180818161073894e-08,20,5.031706491220371e-06,10,20260824T201216Z-a28f802-148558d,0.045110128625,1,16,300000
7.039116265840274e-09,721762058,worker-firm,rust,3.713697514715121e-08,20,4.995224149331336e-06,11,20260824T201216Z-a28f802-148558d,0.045110128625,1,16,300000
6.414013168527987e-09,721762058,worker-firm,rust,3.404847709514447e-08,20,5.575942973291999e-06,12,20260824T201216Z-a28f802-148558d,0.045110128625,1,16,300000
7.224220524328227e-09,721762058,worker-firm,rust,3.808166251221517e-08,20,5.523579170639015e-06,13,20260824T201216Z-a28f802-148558d,0.045110128625,1,16,300000
6.713529670173789e-09,721762058,worker-firm,rust,3.5655583166328744e-08,20,5.229648035253299e-06,14,20260824T201216Z-a28f802-148558d,0.045110128625,1,16,300000
7.179449423838221e-09,721762058,worker-firm,rust,3.784486353858942e-08,20,5.009143955182436e-06,15,20260824T201216Z-a28f802-148558d,0.045110128625,1,16,300000
6.403607450568248e-09,721762058,worker-firm,rust,3.404213111445123e-08,20,6.2619921338726715e-06,16,20260824T201216Z-a28f802-148558d,0.045110128625,1,16,300000
7.0135040092317995e-09,2519259210,worker-firm,rust,3.712466959661623e-08,20,5.21211904799667e-06,1,20260824T201216Z-a28f802-148558d,0.157453700625,1,2,300000
6.876903523280078e-09,2519259210,worker-firm,rust,3.652279637980888e-08,20,5.0257756468242115e-06,2,20260824T201216Z-a28f802-148558d,0.157453700625,1,2,300000
6.696461254219308e-09,2519259210,worker-firm,rust,3.5466421513344576e-08,20,5.7907467932096204e-06,3,20260824T201216Z-a28f802-148558d,0.157453700625,1,2,300000
7.091844755714169e-09,2519259210,worker-firm,rust,3.7711825897193505e-08,20,5.908531567057476e-06,4,20260824T201216Z-a28f802-148558d,0.157453700625,1,2,300000
6.9355819982999825e-09,2519259210,worker-firm,rust,3.6769763408754355e-08,20,6.00850926053712e-06,5,20260824T201216Z-a28f802-148558d,0.157453700625,1,2,300000
6.678474187415238e-09,2519259210,worker-firm,rust,3.549326442545177e-08,20,5.617305262894586e-06,6,20260824T201216Z-a28f802-148558d,0.157453700625,1,2,300000
6.534088192729155e-09,2519259210,worker-firm,rust,3.4607074983342105e-08,20,5.057155123595205e-06,7,20260824T201216Z-a28f802-148558d,0.157453700625,1,2,300000
6.479593818170395e-09,2519259210,worker-firm,rust,3.444583884589164e-08,20,5.610450698499908e-06,8,20260824T201216Z-a28f802-148558d,0.157453700625,1,2,300000
6.936092702966132e-09,2519259210,worker-firm,rust,3.663836860111079e-08,20,6.013031194368436e-06,9,20260824T201216Z-a28f802-148558d,0.157453700625,1,2,300000
6.6231830556263316e-09,2519259210,worker-firm,rust,3.5180818161073894e-08,20,5.031706491220371e-06,10,20260824T201216Z-a28f802-148558d,0.157453700625,1,2,300000
7.039116265840274e-09,2519259210,worker-firm,rust,3.713697514715121e-08,20,4.995224149331336e-06,11,20260824T201216Z-a28f802-148558d,0.157453700625,1,2,300000
6.414013168527987e-09,2519259210,worker-firm,rust,3.404847709514447e-08,20,5.575942973291999e-06,12,20260824T201216Z-a28f802-148558d,0.157453700625,1,2,300000
7.224220524328227e-09,2519259210,worker-firm,rust,3.808166251221517e-08,20,5.523579170639015e-06,13,20260824T201216Z-a28f802-148558d,0.157453700625,1,2,300000
6.713529670173789e-09,2519259210,worker-firm,rust,3.5655583166328744e-08,20,5.229648035253299e-06,14,20260824T201216Z-a28f802-148558d,0.157453700625,1,2,300000
7.179449423838221e-09,2519259210,worker-firm,rust,3.784486353858942e-08,20,5.009143955182436e-06,15,20260824T201216Z-a28f802-148558d,0.157453700625,1,2,300000
6.403607450568248e-09,2519259210,worker-firm,rust,3.404213111445123e-08,20,6.2619921338726715e-06,16,20260824T201216Z-a28f802-148558d,0.157453700625,1,2,300000
7.0135040092317995e-09,630122655,worker-firm,rust,3.712466959661623e-08,20,5.21211904799667e-06,1,20260824T201216Z-a28f802-148558d,0.0393826659375,1,32,300000
6.876903523280078e-09,630122655,worker-firm,rust,3.652279637980888e-08,20,5.0257756468242115e-06,2,20260824T201216Z-a28f802-148558d,0.0393826659375,1,32,300000
6.696461254219308e-09,630122655,worker-firm,rust,3.5466421513344576e-08,20,5.7907467932096204e-06,3,20260824T201216Z-a28f802-148558d,0.0393826659375,1,32,300000
7.091844755714169e-09,630122655,worker-firm,rust,3.7711825897193505e-08,20,5.908531567057476e-06,4,20260824T201216Z-a28f802-148558d,0.0393826659375,1,32,300000
6.9355819982999825e-09,630122655,worker-firm,rust,3.6769763408754355e-08,20,6.00850926053712e-06,5,20260824T201216Z-a28f802-148558d,0.0393826659375,1,32,300000
6.678474187415238e-09,630122655,worker-firm,rust,3.549326442545177e-08,20,5.617305262894586e-06,6,20260824T201216Z-a28f802-148558d,0.0393826659375,1,32,300000
6.534088192729155e-09,630122655,worker-firm,rust,3.4607074983342105e-08,20,5.057155123595205e-06,7,20260824T201216Z-a28f802-148558d,0.0393826659375,1,32,300000
6.479593818170395e-09,630122655,worker-firm,rust,3.444583884589164e-08,20,5.610450698499908e-06,8,20260824T201216Z-a28f802-148558d,0.0393826659375,1,32,300000
6.936092702966132e-09,630122655,worker-firm,rust,3.663836860111079e-08,20,6.013031194368436e-06,9,20260824T201216Z-a28f802-148558d,0.0393826659375,1,32,300000
6.6231830556263316e-09,630122655,worker-firm,rust,3.5180818161073894e-08,20,5.031706491220371e-06,10,20260824T201216Z-a28f802-148558d,0.0393826659375,1,32,300000
7.039116265840274e-09,630122655,worker-firm,rust,3.713697514715121e-08,20,4.995224149331336e-06,11,20260824T201216Z-a28f802-148558d,0.0393826659375,1,32,300000
6.414013168527987e-09,630122655,worker-firm,rust,3.404847709514447e-08,20,5.575942973291999e-06,12,20260824T201216Z-a28f802-148558d,0.0393826659375,1,32,300000
7.224220524328227e-09,630122655,worker-firm,rust,3.808166251221517e-08,20,5.523579170639015e-06,13,20260824T201216Z-a28f802-148558d,0.0393826659375,1,32,300000
6.713529670173789e-09,630122655,worker-firm,rust,3.5655583166328744e-08,20,5.229648035253299e-06,14,20260824T201216Z-a28f802-148558d,0.0393826659375,1,32,300000
7.179449423838221e-09,630122655,worker-firm,rust,3.784486353858942e-08,20,5.009143955182436e-06,15,20260824T201216Z-a28f802-148558d,0.0393826659375,1,32,300000
6.403607450568248e-09,630122655,worker-firm,rust,3.404213111445123e-08,20,6.2619921338726715e-06,16,20260824T201216Z-a28f802-148558d,0.0393826659375,1,32,300000
7.0135040092317995e-09,1379079043,worker-firm,rust,3.712466959661623e-08,20,5.21211904799667e-06,1,20260824T201216Z-a28f802-148558d,0.0861924401875,1,4,300000
6.876903523280078e-09,1379079043,worker-firm,rust,3.652279637980888e-08,20,5.0257756468242115e-06,2,20260824T201216Z-a28f802-148558d,0.0861924401875,1,4,300000
6.696461254219308e-09,1379079043,worker-firm,rust,3.5466421513344576e-08,20,5.7907467932096204e-06,3,20260824T201216Z-a28f802-148558d,0.0861924401875,1,4,300000
7.091844755714169e-09,1379079043,worker-firm,rust,3.7711825897193505e-08,20,5.908531567057476e-06,4,20260824T201216Z-a28f802-148558d,0.0861924401875,1,4,300000
6.9355819982999825e-09,1379079043,worker-firm,rust,3.6769763408754355e-08,20,6.00850926053712e-06,5,20260824T201216Z-a28f802-148558d,0.0861924401875,1,4,300000
6.678474187415238e-09,1379079043,worker-firm,rust,3.549326442545177e-08,20,5.617305262894586e-06,6,20260824T201216Z-a28f802-148558d,0.0861924401875,1,4,300000
6.534088192729155e-09,1379079043,worker-firm,rust,3.4607074983342105e-08,20,5.057155123595205e-06,7,20260824T201216Z-a28f802-148558d,0.0861924401875,1,4,300000
6.479593818170395e-09,1379079043,worker-firm,rust,3.444583884589164e-08,20,5.610450698499908e-06,8,20260824T201216Z-a28f802-148558d,0.0861924401875,1,4,300000
6.936092702966132e-09,1379079043,worker-firm,rust,3.663836860111079e-08,20,6.013031194368436e-06,9,20260824T201216Z-a28f802-148558d,0.0861924401875,1,4,300000
6.6231830556263316e-09,1379079043,worker-firm,rust,3.5180818161073894e-08,20,5.031706491220371e-06,10,20260824T201216Z-a28f802-148558d,0.0861924401875,1,4,300000
7.039116265840274e-09,1379079043,worker-firm,rust,3.713697514715121e-08,20,4.995224149331336e-06,11,20260824T201216Z-a28f802-148558d,0.0861924401875,1,4,300000
6.414013168527987e-09,1379079043,worker-firm,rust,3.404847709514447e-08,20,5.575942973291999e-06,12,20260824T201216Z-a28f802-148558d,0.0861924401875,1,4,300000
7.224220524328227e-09,1379079043,worker-firm,rust,3.808166251221517e-08,20,5.523579170639015e-06,13,20260824T201216Z-a28f802-148558d,0.0861924401875,1,4,300000
6.713529670173789e-09,1379079043,worker-firm,rust,3.5655583166328744e-08,20,5.229648035253299e-06,14,20260824T201216Z-a28f802-148558d,0.0861924401875,1,4,300000
7.179449423838221e-09,1379079043,worker-firm,rust,3.784486353858942e-08,20,5.009143955182436e-06,15,20260824T201216Z-a28f802-148558d,0.0861924401875,1,4,300000
6.403607450568248e-09,1379079043,worker-firm,rust,3.404213111445123e-08,20,6.2619921338726715e-06,16,20260824T201216Z-a28f802-148558d,0.0861924401875,1,4,300000
7.0135040092317995e-09,884942628,worker-firm,rust,3.712466959661623e-08,20,5.21211904799667e-06,1,20260824T201216Z-a28f802-148558d,0.05530891425,1,8,300000
6.876903523280078e-09,884942628,worker-firm,rust,3.652279637980888e-08,20,5.0257756468242115e-06,2,20260824T201216Z-a28f802-148558d,0.05530891425,1,8,300000
6.696461254219308e-09,884942628,worker-firm,rust,3.5466421513344576e-08,20,5.7907467932096204e-06,3,20260824T201216Z-a28f802-148558d,0.05530891425,1,8,300000
7.091844755714169e-09,884942628,worker-firm,rust,3.7711825897193505e-08,20,5.908531567057476e-06,4,20260824T201216Z-a28f802-148558d,0.05530891425,1,8,300000
6.9355819982999825e-09,884942628,worker-firm,rust,3.6769763408754355e-08,20,6.00850926053712e-06,5,20260824T201216Z-a28f802-148558d,0.05530891425,1,8,300000
6.678474187415238e-09,884942628,worker-firm,rust,3.549326442545177e-08,20,5.617305262894586e-06,6,20260824T201216Z-a28f802-148558d,0.05530891425,1,8,300000
6.534088192729155e-09,884942628,worker-firm,rust,3.4607074983342105e-08,20,5.057155123595205e-06,7,20260824T201216Z-a28f802-148558d,0.05530891425,1,8,300000
6.479593818170395e-09,884942628,worker-firm,rust,3.444583884589164e-08,20,5.610450698499908e-06,8,20260824T201216Z-a28f802-148558d,0.05530891425,1,8,300000
6.936092702966132e-09,884942628,worker-firm,rust,3.663836860111079e-08,20,6.013031194368436e-06,9,20260824T201216Z-a28f802-148558d,0.05530891425,1,8,300000
6.6231830556263316e-09,884942628,worker-firm,rust,3.5180818161073894e-08,20,5.031706491220371e-06,10,20260824T201216Z-a28f802-148558d,0.05530891425,1,8,300000
7.039116265840274e-09,884942628,worker-firm,rust,3.713697514715121e-08,20,4.995224149331336e-06,11,20260824T201216Z-a28f802-148558d,0.05530891425,1,8,300000
6.414013168527987e-09,884942628,worker-firm,rust,3.404847709514447e-08,20,5.575942973291999e-06,12,20260824T201216Z-a28f802-148558d,0.05530891425,1,8,300000
7.224220524328227e-09,884942628,worker-firm,rust,3.808166251221517e-08,20,5.523579170639015e-06,13,20260824T201216Z-a28f802-148558d,0.05530891425,1,8,300000
6.713529670173789e-09,884942628,worker-firm,rust,3.5655583166328744e-08,20,5.229648035253299e-06,14,20260824T201216Z-a28f802-148558d,0.05530891425,1,8,300000
7.179449423838221e-09,884942628,worker-firm,rust,3.784486353858942e-08,20,5.009143955182436e-06,15,20260824T201216Z-a28f802-148558d,0.05530891425,1,8,300000
6.403607450568248e-09,884942628,worker-firm,rust,3.404213111445123e-08,20,6.2619921338726715e-06,16,20260824T201216Z-a28f802-148558d,0.05530891425,1,8,300000
1.1822886133805574e-09,20642108000.0,worker-firm,matlab,8.554534072776877e-09,23,1.2105766182071934e-06,1,20260824T201216Z-a28f802-148558d,1.29013175,2,1,1000000.0
1.1371005411454012e-09,20642108000.0,worker-firm,matlab,9.204012693958774e-09,23,1.0339980705172324e-06,2,20260824T201216Z-a28f802-148558d,1.29013175,2,1,1000000.0
1.1088773143057772e-09,20642108000.0,worker-firm,matlab,8.016931841062673e-09,23,1.0699772264268713e-06,3,20260824T201216Z-a28f802-148558d,1.29013175,2,1,1000000.0
1.007966827495962e-09,20642108000.0,worker-firm,matlab,8.166712913806287e-09,23,8.349993882674453e-07,4,20260824T201216Z-a28f802-148558d,1.29013175,2,1,1000000.0
1.1400331859290668e-09,20642108000.0,worker-firm,matlab,8.255589129264228e-09,23,1.2014007479494427e-06,5,20260824T201216Z-a28f802-148558d,1.29013175,2,1,1000000.0
1.0985536537340972e-09,20642108000.0,worker-firm,matlab,8.829609773155193e-09,23,1.0256440341537473e-06,6,20260824T201216Z-a28f802-148558d,1.29013175,2,1,1000000.0
1.1716136506972506e-09,20642108000.0,worker-firm,matlab,8.502455278506139e-09,23,1.142775616885083e-06,7,20260824T201216Z-a28f802-148558d,1.29013175,2,1,1000000.0
1.1997294690781323e-09,20642108000.0,worker-firm,matlab,9.579047106980903e-09,23,1.22903081024327e-06,8,20260824T201216Z-a28f802-148558d,1.29013175,2,1,1000000.0
1.1692817496194513e-09,20642108000.0,worker-firm,matlab,8.528061348858748e-09,23,1.1304223106210603e-06,9,20260824T201216Z-a28f802-148558d,1.29013175,2,1,1000000.0
1.0604373441416874e-09,20642108000.0,worker-firm,matlab,8.325067167999843e-09,23,8.210128860910096e-07,10,20260824T201216Z-a28f802-148558d,1.29013175,2,1,1000000.0
1.1565043064140075e-09,20642108000.0,worker-firm,matlab,8.48118709950467e-09,23,1.0806258507716265e-06,11,20260824T201216Z-a28f802-148558d,1.29013175,2,1,1000000.0
9.815942734476879e-10,20642108000.0,worker-firm,matlab,7.587367080329784e-09,23,8.44806851522493e-07,12,20260824T201216Z-a28f802-148558d,1.29013175,2,1,1000000.0
1.1790994458049585e-09,20642108000.0,worker-firm,matlab,8.724680940902415e-09,23,1.0414471530188515e-06,13,20260824T201216Z-a28f802-148558d,1.29013175,2,1,1000000.0
1.1520708678512247e-09,20642108000.0,worker-firm,matlab,8.789434084201224e-09,23,9.90167746449785e-07,14,20260824T201216Z-a28f802-148558d,1.29013175,2,1,1000000.0
1.19988079742534e-09,20642108000.0,worker-firm,matlab,8.960727473520497e-09,23,1.2318361146069833e-06,15,20260824T201216Z-a28f802-148558d,1.29013175,2,1,1000000.0
1.0635237287917114e-09,20642108000.0,worker-firm,matlab,8.016457252787167e-09,23,1.0643589431826664e-06,16,20260824T201216Z-a28f802-148558d,1.29013175,2,1,1000000.0
1.1822886134790938e-09,19623258000.0,worker-firm,matlab,8.554534073489854e-09,23,1.210576618550887e-06,1,20260824T201216Z-a28f802-148558d,1.226453625,2,16,1000000.0
1.137100541108574e-09,19623258000.0,worker-firm,matlab,9.204012693660721e-09,23,1.03399807054363e-06,2,20260824T201216Z-a28f802-148558d,1.226453625,2,16,1000000.0
1.1088773143833285e-09,19623258000.0,worker-firm,matlab,8.016931841623331e-09,23,1.0699772258297346e-06,3,20260824T201216Z-a28f802-148558d,1.226453625,2,16,1000000.0
1.0079668274080863e-09,19623258000.0,worker-firm,matlab,8.166712913094286e-09,23,8.34999388723722e-07,4,20260824T201216Z-a28f802-148558d,1.226453625,2,16,1000000.0
1.1400331858907857e-09,19623258000.0,worker-firm,matlab,8.255589128987012e-09,23,1.2014007460064694e-06,5,20260824T201216Z-a28f802-148558d,1.226453625,2,16,1000000.0
1.0985536536617981e-09,19623258000.0,worker-firm,matlab,8.8296097725741e-09,23,1.02564403420488e-06,6,20260824T201216Z-a28f802-148558d,1.226453625,2,16,1000000.0
1.1716136505751813e-09,19623258000.0,worker-firm,matlab,8.502455277620258e-09,23,1.142775617969023e-06,7,20260824T201216Z-a28f802-148558d,1.226453625,2,16,1000000.0
1.1997294691328753e-09,19623258000.0,worker-firm,matlab,9.579047107417993e-09,23,1.2290308096142129e-06,8,20260824T201216Z-a28f802-148558d,1.226453625,2,16,1000000.0
1.1692817497080423e-09,19623258000.0,worker-firm,matlab,8.528061349504884e-09,23,1.1304223102517232e-06,9,20260824T201216Z-a28f802-148558d,1.226453625,2,16,1000000.0
1.0604373440885135e-09,19623258000.0,worker-firm,matlab,8.325067167582386e-09,23,8.210128857441204e-07,10,20260824T201216Z-a28f802-148558d,1.226453625,2,16,1000000.0
1.1565043063427002e-09,19623258000.0,worker-firm,matlab,8.48118709898174e-09,23,1.0806258507182473e-06,11,20260824T201216Z-a28f802-148558d,1.226453625,2,16,1000000.0
9.81594273465562e-10,19623258000.0,worker-firm,matlab,7.587367080467936e-09,23,8.448068513838018e-07,12,20260824T201216Z-a28f802-148558d,1.226453625,2,16,1000000.0
1.1790994458023138e-09,19623258000.0,worker-firm,matlab,8.724680940882852e-09,23,1.0414471537000523e-06,13,20260824T201216Z-a28f802-148558d,1.226453625,2,16,1000000.0
1.1520708679943011e-09,19623258000.0,worker-firm,matlab,8.789434085292824e-09,23,9.90167746628623e-07,14,20260824T201216Z-a28f802-148558d,1.226453625,2,16,1000000.0
1.199880797243699e-09,19623258000.0,worker-firm,matlab,8.960727472163936e-09,23,1.2318361146069833e-06,15,20260824T201216Z-a28f802-148558d,1.226453625,2,16,1000000.0
1.063523728594387e-09,19623258000.0,worker-firm,matlab,8.016457251299805e-09,23,1.0643589426880413e-06,16,20260824T201216Z-a28f802-148558d,1.226453625,2,16,1000000.0
1.1822886134288083e-09,20359476000.0,worker-firm,matlab,8.554534073125992e-09,23,1.210576618395888e-06,1,20260824T201216Z-a28f802-148558d,1.27246725,2,2,1000000.0
1.1371005411256289e-09,20359476000.0,worker-firm,matlab,9.204012693798758e-09,23,1.03399807027749e-06,2,20260824T201216Z-a28f802-148558d,1.27246725,2,2,1000000.0
1.1088773143524625e-09,20359476000.0,worker-firm,matlab,8.016931841400202e-09,23,1.0699772261753554e-06,3,20260824T201216Z-a28f802-148558d,1.27246725,2,2,1000000.0
1.0079668274827251e-09,20359476000.0,worker-firm,matlab,8.16671291369903e-09,23,8.3499938886314e-07,4,20260824T201216Z-a28f802-148558d,1.27246725,2,2,1000000.0
1.1400331858780949e-09,20359476000.0,worker-firm,matlab,8.255589128895112e-09,23,1.201400746991264e-06,5,20260824T201216Z-a28f802-148558d,1.27246725,2,2,1000000.0
1.0985536537556178e-09,20359476000.0,worker-firm,matlab,8.829609773328147e-09,23,1.025644034460543e-06,6,20260824T201216Z-a28f802-148558d,1.27246725,2,2,1000000.0
1.1716136506304065e-09,20359476000.0,worker-firm,matlab,8.50245527802105e-09,23,1.1427756180845525e-06,7,20260824T201216Z-a28f802-148558d,1.27246725,2,2,1000000.0
1.199729469112889e-09,20359476000.0,worker-firm,matlab,9.579047107258412e-09,23,1.2290308094679995e-06,8,20260824T201216Z-a28f802-148558d,1.27246725,2,2,1000000.0
1.1692817497779596e-09,20359476000.0,worker-firm,matlab,8.528061350014826e-09,23,1.1304223108311418e-06,9,20260824T201216Z-a28f802-148558d,1.27246725,2,2,1000000.0
1.060437344143157e-09,20359476000.0,worker-firm,matlab,8.325067168011387e-09,23,8.210128855359869e-07,10,20260824T201216Z-a28f802-148558d,1.27246725,2,2,1000000.0
1.1565043064692127e-09,20359476000.0,worker-firm,matlab,8.481187099909515e-09,23,1.0806258505514373e-06,11,20260824T201216Z-a28f802-148558d,1.27246725,2,2,1000000.0
9.81594273613984e-10,20359476000.0,worker-firm,matlab,7.587367081615188e-09,23,8.448068513585852e-07,12,20260824T201216Z-a28f802-148558d,1.27246725,2,2,1000000.0
1.1790994458119656e-09,20359476000.0,worker-firm,matlab,8.72468094095427e-09,23,1.0414471532245441e-06,13,20260824T201216Z-a28f802-148558d,1.27246725,2,2,1000000.0
1.152070867965288e-09,20359476000.0,worker-firm,matlab,8.789434085071456e-09,23,9.90167746661741e-07,14,20260824T201216Z-a28f802-148558d,1.27246725,2,2,1000000.0
1.199880797175541e-09,20359476000.0,worker-firm,matlab,8.960727471654942e-09,23,1.2318361140476777e-06,15,20260824T201216Z-a28f802-148558d,1.27246725,2,2,1000000.0
1.063523728763588e-09,20359476000.0,worker-firm,matlab,8.016457252575183e-09,23,1.0643589425992625e-06,16,20260824T201216Z-a28f802-148558d,1.27246725,2,2,1000000.0
1.182288613440514e-09,18963453000.0,worker-firm,matlab,8.554534073210685e-09,23,1.2105766188339287e-06,1,20260824T201216Z-a28f802-148558d,1.1852158125,2,32,1000000.0
1.1371005411742187e-09,18963453000.0,worker-firm,matlab,9.204012694192049e-09,23,1.033998071169816e-06,2,20260824T201216Z-a28f802-148558d,1.1852158125,2,32,1000000.0
1.1088773143095988e-09,18963453000.0,worker-firm,matlab,8.01693184109029e-09,23,1.0699772253831653e-06,3,20260824T201216Z-a28f802-148558d,1.1852158125,2,32,1000000.0
1.0079668274479043e-09,18963453000.0,worker-firm,matlab,8.166712913416908e-09,23,8.349993887490708e-07,4,20260824T201216Z-a28f802-148558d,1.1852158125,2,32,1000000.0
1.1400331859064283e-09,18963453000.0,worker-firm,matlab,8.255589129100293e-09,23,1.2014007463990565e-06,5,20260824T201216Z-a28f802-148558d,1.1852158125,2,32,1000000.0
1.0985536535479714e-09,18963453000.0,worker-firm,matlab,8.829609771659212e-09,23,1.0256440339875664e-06,6,20260824T201216Z-a28f802-148558d,1.1852158125,2,32,1000000.0
1.1716136506646708e-09,18963453000.0,worker-firm,matlab,8.502455278269697e-09,23,1.1427756182306635e-06,7,20260824T201216Z-a28f802-148558d,1.1852158125,2,32,1000000.0
1.1997294692403703e-09,18963453000.0,worker-firm,matlab,9.579047108276267e-09,23,1.2290308089715544e-06,8,20260824T201216Z-a28f802-148558d,1.1852158125,2,32,1000000.0
1.1692817497171785e-09,18963453000.0,worker-firm,matlab,8.528061349571501e-09,23,1.1304223101331289e-06,9,20260824T201216Z-a28f802-148558d,1.1852158125,2,32,1000000.0
1.060437344013228e-09,18963453000.0,worker-firm,matlab,8.325067166991351e-09,23,8.210128855359869e-07,10,20260824T201216Z-a28f802-148558d,1.1852158125,2,32,1000000.0
1.1565043065070746e-09,18963453000.0,worker-firm,matlab,8.481187100187176e-09,23,1.0806258508250057e-06,11,20260824T201216Z-a28f802-148558d,1.1852158125,2,32,1000000.0
9.81594273465502e-10,18963453000.0,worker-firm,matlab,7.58736708046748e-09,23,8.448068515729262e-07,12,20260824T201216Z-a28f802-148558d,1.1852158125,2,32,1000000.0
1.1790994458158996e-09,18963453000.0,worker-firm,matlab,8.724680940983376e-09,23,1.0414471542166126e-06,13,20260824T201216Z-a28f802-148558d,1.1852158125,2,32,1000000.0
1.1520708679564183e-09,18963453000.0,worker-firm,matlab,8.7894340850038e-09,23,9.901677465027741e-07,14,20260824T201216Z-a28f802-148558d,1.1852158125,2,32,1000000.0
1.1998807971942146e-09,18963453000.0,worker-firm,matlab,8.960727471794384e-09,23,1.2318361140476777e-06,15,20260824T201216Z-a28f802-148558d,1.1852158125,2,32,1000000.0
1.0635237287398924e-09,18963453000.0,worker-firm,matlab,8.016457252396569e-09,23,1.0643589420665893e-06,16,20260824T201216Z-a28f802-148558d,1.1852158125,2,32,1000000.0
1.1822886134428356e-09,19008832000.0,worker-firm,matlab,8.55453407322748e-09,23,1.210576618328497e-06,1,20260824T201216Z-a28f802-148558d,1.188052,2,4,1000000.0
1.1371005411329126e-09,19008832000.0,worker-firm,matlab,9.204012693857746e-09,23,1.0339980704726594e-06,2,20260824T201216Z-a28f802-148558d,1.188052,2,4,1000000.0
1.1088773143213152e-09,19008832000.0,worker-firm,matlab,8.016931841174996e-09,23,1.0699772253917201e-06,3,20260824T201216Z-a28f802-148558d,1.188052,2,4,1000000.0
1.0079668274921548e-09,19008832000.0,worker-firm,matlab,8.166712913775433e-09,23,8.34999388723722e-07,4,20260824T201216Z-a28f802-148558d,1.188052,2,4,1000000.0
1.140033185959279e-09,19008832000.0,worker-firm,matlab,8.255589129483014e-09,23,1.2014007465520988e-06,5,20260824T201216Z-a28f802-148558d,1.188052,2,4,1000000.0
1.0985536536584036e-09,19008832000.0,worker-firm,matlab,8.82960977254682e-09,23,1.0256440343454946e-06,6,20260824T201216Z-a28f802-148558d,1.188052,2,4,1000000.0
1.1716136506313933e-09,19008832000.0,worker-firm,matlab,8.50245527802821e-09,23,1.1427756176903925e-06,7,20260824T201216Z-a28f802-148558d,1.188052,2,4,1000000.0
1.1997294691520277e-09,19008832000.0,worker-firm,matlab,9.579047107570907e-09,23,1.2290308093829917e-06,8,20260824T201216Z-a28f802-148558d,1.188052,2,4,1000000.0
1.1692817497183014e-09,19008832000.0,worker-firm,matlab,8.52806134957972e-09,23,1.1304223105397385e-06,9,20260824T201216Z-a28f802-148558d,1.188052,2,4,1000000.0
1.0604373438933523e-09,19008832000.0,worker-firm,matlab,8.32506716605026e-09,23,8.210128853047275e-07,10,20260824T201216Z-a28f802-148558d,1.188052,2,4,1000000.0
1.1565043065102566e-09,19008832000.0,worker-firm,matlab,8.48118710021051e-09,23,1.0806258508049886e-06,11,20260824T201216Z-a28f802-148558d,1.188052,2,4,1000000.0
9.815942733499974e-10,19008832000.0,worker-firm,matlab,7.587367079574674e-09,23,8.448068518881335e-07,12,20260824T201216Z-a28f802-148558d,1.188052,2,4,1000000.0
1.179099445692592e-09,19008832000.0,worker-firm,matlab,8.724680940070958e-09,23,1.041447154365764e-06,13,20260824T201216Z-a28f802-148558d,1.188052,2,4,1000000.0
1.1520708680380803e-09,19008832000.0,worker-firm,matlab,8.789434085626797e-09,23,9.901677456085845e-07,14,20260824T201216Z-a28f802-148558d,1.188052,2,4,1000000.0
1.199880797244407e-09,19008832000.0,worker-firm,matlab,8.960727472169246e-09,23,1.2318361142714e-06,15,20260824T201216Z-a28f802-148558d,1.188052,2,4,1000000.0
1.063523728718291e-09,19008832000.0,worker-firm,matlab,8.01645725223374e-09,23,1.0643589429290125e-06,16,20260824T201216Z-a28f802-148558d,1.188052,2,4,1000000.0
1.182288613447195e-09,19109817000.0,worker-firm,matlab,8.554534073259023e-09,23,1.2105766185845823e-06,1,20260824T201216Z-a28f802-148558d,1.1943635625,2,8,1000000.0
1.1371005412691315e-09,19109817000.0,worker-firm,matlab,9.204012694960303e-09,23,1.0339980709469508e-06,2,20260824T201216Z-a28f802-148558d,1.1943635625,2,8,1000000.0
1.1088773143750127e-09,19109817000.0,worker-firm,matlab,8.016931841563212e-09,23,1.0699772261052046e-06,3,20260824T201216Z-a28f802-148558d,1.1943635625,2,8,1000000.0
1.0079668275079082e-09,19109817000.0,worker-firm,matlab,8.16671291390306e-09,23,8.349993886603503e-07,4,20260824T201216Z-a28f802-148558d,1.1943635625,2,8,1000000.0
1.1400331859164235e-09,19109817000.0,worker-firm,matlab,8.25558912917267e-09,23,1.2014007461462038e-06,5,20260824T201216Z-a28f802-148558d,1.1943635625,2,8,1000000.0
1.0985536534928463e-09,19109817000.0,worker-firm,matlab,8.829609771216112e-09,23,1.0256440339875664e-06,6,20260824T201216Z-a28f802-148558d,1.1943635625,2,8,1000000.0
1.171613650549648e-09,19109817000.0,worker-firm,matlab,8.502455277434958e-09,23,1.1427756179520331e-06,7,20260824T201216Z-a28f802-148558d,1.1943635625,2,8,1000000.0
1.1997294692224933e-09,19109817000.0,worker-firm,matlab,9.579047108133529e-09,23,1.229030808913749e-06,8,20260824T201216Z-a28f802-148558d,1.1943635625,2,8,1000000.0
1.1692817496990817e-09,19109817000.0,worker-firm,matlab,8.528061349439531e-09,23,1.1304223102788306e-06,9,20260824T201216Z-a28f802-148558d,1.1943635625,2,8,1000000.0
1.0604373442023046e-09,19109817000.0,worker-firm,matlab,8.325067168475715e-09,23,8.210128849578382e-07,10,20260824T201216Z-a28f802-148558d,1.1943635625,2,8,1000000.0
1.1565043062783619e-09,19109817000.0,worker-firm,matlab,8.481187098509917e-09,23,1.080625850711575e-06,11,20260824T201216Z-a28f802-148558d,1.1943635625,2,8,1000000.0
9.81594273422683e-10,19109817000.0,worker-firm,matlab,7.587367080136495e-09,23,8.448068512955438e-07,12,20260824T201216Z-a28f802-148558d,1.1943635625,2,8,1000000.0
1.179099445724806e-09,19109817000.0,worker-firm,matlab,8.724680940309336e-09,23,1.0414471541977655e-06,13,20260824T201216Z-a28f802-148558d,1.1943635625,2,8,1000000.0
1.1520708679848177e-09,19109817000.0,worker-firm,matlab,8.78943408522047e-09,23,9.901677466352465e-07,14,20260824T201216Z-a28f802-148558d,1.1943635625,2,8,1000000.0
1.1998807972848812e-09,19109817000.0,worker-firm,matlab,8.960727472471513e-09,23,1.2318361142450798e-06,15,20260824T201216Z-a28f802-148558d,1.1943635625,2,8,1000000.0
1.0635237287279533e-09,19109817000.0,worker-firm,matlab,8.016457252306566e-09,23,1.064358942789503e-06,16,20260824T201216Z-a28f802-148558d,1.1943635625,2,8,1000000.0
8.127045338942083e-09,19559883621,worker-firm,rust,5.8803763889740516e-08,20,8.652057454669541e-06,1,20260824T201216Z-a28f802-148558d,1.2224927263125,2,1,1000000
7.868275171058834e-09,19559883621,worker-firm,rust,6.368731479985438e-08,20,6.410256521660426e-06,2,20260824T201216Z-a28f802-148558d,1.2224927263125,2,1,1000000
7.62416530082723e-09,19559883621,worker-firm,rust,5.512092493126259e-08,20,7.252014756790373e-06,3,20260824T201216Z-a28f802-148558d,1.2224927263125,2,1,1000000
7.329937468847552e-09,19559883621,worker-firm,rust,5.938826863538435e-08,20,6.7213639828166225e-06,4,20260824T201216Z-a28f802-148558d,1.2224927263125,2,1,1000000
7.998034103834334e-09,19559883621,worker-firm,rust,5.791796310676575e-08,20,7.105082276966814e-06,5,20260824T201216Z-a28f802-148558d,1.2224927263125,2,1,1000000
7.704004614030243e-09,19559883621,worker-firm,rust,6.192061974596021e-08,20,5.572688919397426e-06,6,20260824T201216Z-a28f802-148558d,1.2224927263125,2,1,1000000
8.071790977937891e-09,19559883621,worker-firm,rust,5.8576978813233635e-08,20,6.034042780838526e-06,7,20260824T201216Z-a28f802-148558d,1.2224927263125,2,1,1000000
8.136248797655574e-09,19559883621,worker-firm,rust,6.496256868773644e-08,20,6.40395134613719e-06,8,20260824T201216Z-a28f802-148558d,1.2224927263125,2,1,1000000
8.080705306875702e-09,19559883621,worker-firm,rust,5.893590605474135e-08,20,7.620867250624168e-06,9,20260824T201216Z-a28f802-148558d,1.2224927263125,2,1,1000000
7.34166815225528e-09,19559883621,worker-firm,rust,5.7636208686553954e-08,20,6.673749914087598e-06,10,20260824T201216Z-a28f802-148558d,1.2224927263125,2,1,1000000
7.987103949721741e-09,19559883621,worker-firm,rust,5.857316720698378e-08,20,6.759535433182695e-06,11,20260824T201216Z-a28f802-148558d,1.2224927263125,2,1,1000000
7.204842030042457e-09,19559883621,worker-firm,rust,5.569078346631718e-08,20,5.5327824476177345e-06,12,20260824T201216Z-a28f802-148558d,1.2224927263125,2,1,1000000
8.001854824788237e-09,19559883621,worker-firm,rust,5.9209242122288835e-08,20,7.441294404574226e-06,13,20260824T201216Z-a28f802-148558d,1.2224927263125,2,1,1000000
7.948888794033573e-09,19559883621,worker-firm,rust,6.064376959686545e-08,20,7.200002083549315e-06,14,20260824T201216Z-a28f802-148558d,1.2224927263125,2,1,1000000
8.192797987433218e-09,19559883621,worker-firm,rust,6.118328338187097e-08,20,6.42990587935236e-06,15,20260824T201216Z-a28f802-148558d,1.2224927263125,2,1,1000000
7.433600978093064e-09,19559883621,worker-firm,rust,5.603177648462789e-08,20,6.543031201092947e-06,16,20260824T201216Z-a28f802-148558d,1.2224927263125,2,1,1000000
8.127045338942083e-09,2668259417,worker-firm,rust,5.8803763889740516e-08,20,8.652057454669541e-06,1,20260824T201216Z-a28f802-148558d,0.1667662135625,2,16,1000000
7.868275171058834e-09,2668259417,worker-firm,rust,6.368731479985438e-08,20,6.410256521660426e-06,2,20260824T201216Z-a28f802-148558d,0.1667662135625,2,16,1000000
7.62416530082723e-09,2668259417,worker-firm,rust,5.512092493126259e-08,20,7.252014756790373e-06,3,20260824T201216Z-a28f802-148558d,0.1667662135625,2,16,1000000
7.329937468847552e-09,2668259417,worker-firm,rust,5.938826863538435e-08,20,6.7213639828166225e-06,4,20260824T201216Z-a28f802-148558d,0.1667662135625,2,16,1000000
7.998034103834334e-09,2668259417,worker-firm,rust,5.791796310676575e-08,20,7.105082276966814e-06,5,20260824T201216Z-a28f802-148558d,0.1667662135625,2,16,1000000
7.704004614030243e-09,2668259417,worker-firm,rust,6.192061974596021e-08,20,5.572688919397426e-06,6,20260824T201216Z-a28f802-148558d,0.1667662135625,2,16,1000000
8.071790977937891e-09,2668259417,worker-firm,rust,5.8576978813233635e-08,20,6.034042780838526e-06,7,20260824T201216Z-a28f802-148558d,0.1667662135625,2,16,1000000
8.136248797655574e-09,2668259417,worker-firm,rust,6.496256868773644e-08,20,6.40395134613719e-06,8,20260824T201216Z-a28f802-148558d,0.1667662135625,2,16,1000000
8.080705306875702e-09,2668259417,worker-firm,rust,5.893590605474135e-08,20,7.620867250624168e-06,9,20260824T201216Z-a28f802-148558d,0.1667662135625,2,16,1000000
7.34166815225528e-09,2668259417,worker-firm,rust,5.7636208686553954e-08,20,6.673749914087598e-06,10,20260824T201216Z-a28f802-148558d,0.1667662135625,2,16,1000000
7.987103949721741e-09,2668259417,worker-firm,rust,5.857316720698378e-08,20,6.759535433182695e-06,11,20260824T201216Z-a28f802-148558d,0.1667662135625,2,16,1000000
7.204842030042457e-09,2668259417,worker-firm,rust,5.569078346631718e-08,20,5.5327824476177345e-06,12,20260824T201216Z-a28f802-148558d,0.1667662135625,2,16,1000000
8.001854824788237e-09,2668259417,worker-firm,rust,5.9209242122288835e-08,20,7.441294404574226e-06,13,20260824T201216Z-a28f802-148558d,0.1667662135625,2,16,1000000
7.948888794033573e-09,2668259417,worker-firm,rust,6.064376959686545e-08,20,7.200002083549315e-06,14,20260824T201216Z-a28f802-148558d,0.1667662135625,2,16,1000000
8.192797987433218e-09,2668259417,worker-firm,rust,6.118328338187097e-08,20,6.42990587935236e-06,15,20260824T201216Z-a28f802-148558d,0.1667662135625,2,16,1000000
7.433600978093064e-09,2668259417,worker-firm,rust,5.603177648462789e-08,20,6.543031201092947e-06,16,20260824T201216Z-a28f802-148558d,0.1667662135625,2,16,1000000
8.127045338942083e-09,10792316574,worker-firm,rust,5.8803763889740516e-08,20,8.652057454669541e-06,1,20260824T201216Z-a28f802-148558d,0.674519785875,2,2,1000000
7.868275171058834e-09,10792316574,worker-firm,rust,6.368731479985438e-08,20,6.410256521660426e-06,2,20260824T201216Z-a28f802-148558d,0.674519785875,2,2,1000000
7.62416530082723e-09,10792316574,worker-firm,rust,5.512092493126259e-08,20,7.252014756790373e-06,3,20260824T201216Z-a28f802-148558d,0.674519785875,2,2,1000000
7.329937468847552e-09,10792316574,worker-firm,rust,5.938826863538435e-08,20,6.7213639828166225e-06,4,20260824T201216Z-a28f802-148558d,0.674519785875,2,2,1000000
7.998034103834334e-09,10792316574,worker-firm,rust,5.791796310676575e-08,20,7.105082276966814e-06,5,20260824T201216Z-a28f802-148558d,0.674519785875,2,2,1000000
7.704004614030243e-09,10792316574,worker-firm,rust,6.192061974596021e-08,20,5.572688919397426e-06,6,20260824T201216Z-a28f802-148558d,0.674519785875,2,2,1000000
8.071790977937891e-09,10792316574,worker-firm,rust,5.8576978813233635e-08,20,6.034042780838526e-06,7,20260824T201216Z-a28f802-148558d,0.674519785875,2,2,1000000
8.136248797655574e-09,10792316574,worker-firm,rust,6.496256868773644e-08,20,6.40395134613719e-06,8,20260824T201216Z-a28f802-148558d,0.674519785875,2,2,1000000
8.080705306875702e-09,10792316574,worker-firm,rust,5.893590605474135e-08,20,7.620867250624168e-06,9,20260824T201216Z-a28f802-148558d,0.674519785875,2,2,1000000
7.34166815225528e-09,10792316574,worker-firm,rust,5.7636208686553954e-08,20,6.673749914087598e-06,10,20260824T201216Z-a28f802-148558d,0.674519785875,2,2,1000000
7.987103949721741e-09,10792316574,worker-firm,rust,5.857316720698378e-08,20,6.759535433182695e-06,11,20260824T201216Z-a28f802-148558d,0.674519785875,2,2,1000000
7.204842030042457e-09,10792316574,worker-firm,rust,5.569078346631718e-08,20,5.5327824476177345e-06,12,20260824T201216Z-a28f802-148558d,0.674519785875,2,2,1000000
8.001854824788237e-09,10792316574,worker-firm,rust,5.9209242122288835e-08,20,7.441294404574226e-06,13,20260824T201216Z-a28f802-148558d,0.674519785875,2,2,1000000
7.948888794033573e-09,10792316574,worker-firm,rust,6.064376959686545e-08,20,7.200002083549315e-06,14,20260824T201216Z-a28f802-148558d,0.674519785875,2,2,1000000
8.192797987433218e-09,10792316574,worker-firm,rust,6.118328338187097e-08,20,6.42990587935236e-06,15,20260824T201216Z-a28f802-148558d,0.674519785875,2,2,1000000
7.433600978093064e-09,10792316574,worker-firm,rust,5.603177648462789e-08,20,6.543031201092947e-06,16,20260824T201216Z-a28f802-148558d,0.674519785875,2,2,1000000
8.127045338942083e-09,2761403422,worker-firm,rust,5.8803763889740516e-08,20,8.652057454669541e-06,1,20260824T201216Z-a28f802-148558d,0.172587713875,2,32,1000000
7.868275171058834e-09,2761403422,worker-firm,rust,6.368731479985438e-08,20,6.410256521660426e-06,2,20260824T201216Z-a28f802-148558d,0.172587713875,2,32,1000000
7.62416530082723e-09,2761403422,worker-firm,rust,5.512092493126259e-08,20,7.252014756790373e-06,3,20260824T201216Z-a28f802-148558d,0.172587713875,2,32,1000000
7.329937468847552e-09,2761403422,worker-firm,rust,5.938826863538435e-08,20,6.7213639828166225e-06,4,20260824T201216Z-a28f802-148558d,0.172587713875,2,32,1000000
7.998034103834334e-09,2761403422,worker-firm,rust,5.791796310676575e-08,20,7.105082276966814e-06,5,20260824T201216Z-a28f802-148558d,0.172587713875,2,32,1000000
7.704004614030243e-09,2761403422,worker-firm,rust,6.192061974596021e-08,20,5.572688919397426e-06,6,20260824T201216Z-a28f802-148558d,0.172587713875,2,32,1000000
8.071790977937891e-09,2761403422,worker-firm,rust,5.8576978813233635e-08,20,6.034042780838526e-06,7,20260824T201216Z-a28f802-148558d,0.172587713875,2,32,1000000
8.136248797655574e-09,2761403422,worker-firm,rust,6.496256868773644e-08,20,6.40395134613719e-06,8,20260824T201216Z-a28f802-148558d,0.172587713875,2,32,1000000
8.080705306875702e-09,2761403422,worker-firm,rust,5.893590605474135e-08,20,7.620867250624168e-06,9,20260824T201216Z-a28f802-148558d,0.172587713875,2,32,1000000
7.34166815225528e-09,2761403422,worker-firm,rust,5.7636208686553954e-08,20,6.673749914087598e-06,10,20260824T201216Z-a28f802-148558d,0.172587713875,2,32,1000000
7.987103949721741e-09,2761403422,worker-firm,rust,5.857316720698378e-08,20,6.759535433182695e-06,11,20260824T201216Z-a28f802-148558d,0.172587713875,2,32,1000000
7.204842030042457e-09,2761403422,worker-firm,rust,5.569078346631718e-08,20,5.5327824476177345e-06,12,20260824T201216Z-a28f802-148558d,0.172587713875,2,32,1000000
8.001854824788237e-09,2761403422,worker-firm,rust,5.9209242122288835e-08,20,7.441294404574226e-06,13,20260824T201216Z-a28f802-148558d,0.172587713875,2,32,1000000
7.948888794033573e-09,2761403422,worker-firm,rust,6.064376959686545e-08,20,7.200002083549315e-06,14,20260824T201216Z-a28f802-148558d,0.172587713875,2,32,1000000
8.192797987433218e-09,2761403422,worker-firm,rust,6.118328338187097e-08,20,6.42990587935236e-06,15,20260824T201216Z-a28f802-148558d,0.172587713875,2,32,1000000
7.433600978093064e-09,2761403422,worker-firm,rust,5.603177648462789e-08,20,6.543031201092947e-06,16,20260824T201216Z-a28f802-148558d,0.172587713875,2,32,1000000
8.127045338942083e-09,5449277664,worker-firm,rust,5.8803763889740516e-08,20,8.652057454669541e-06,1,20260824T201216Z-a28f802-148558d,0.340579854,2,4,1000000
7.868275171058834e-09,5449277664,worker-firm,rust,6.368731479985438e-08,20,6.410256521660426e-06,2,20260824T201216Z-a28f802-148558d,0.340579854,2,4,1000000
7.62416530082723e-09,5449277664,worker-firm,rust,5.512092493126259e-08,20,7.252014756790373e-06,3,20260824T201216Z-a28f802-148558d,0.340579854,2,4,1000000
7.329937468847552e-09,5449277664,worker-firm,rust,5.938826863538435e-08,20,6.7213639828166225e-06,4,20260824T201216Z-a28f802-148558d,0.340579854,2,4,1000000
7.998034103834334e-09,5449277664,worker-firm,rust,5.791796310676575e-08,20,7.105082276966814e-06,5,20260824T201216Z-a28f802-148558d,0.340579854,2,4,1000000
7.704004614030243e-09,5449277664,worker-firm,rust,6.192061974596021e-08,20,5.572688919397426e-06,6,20260824T201216Z-a28f802-148558d,0.340579854,2,4,1000000
8.071790977937891e-09,5449277664,worker-firm,rust,5.8576978813233635e-08,20,6.034042780838526e-06,7,20260824T201216Z-a28f802-148558d,0.340579854,2,4,1000000
8.136248797655574e-09,5449277664,worker-firm,rust,6.496256868773644e-08,20,6.40395134613719e-06,8,20260824T201216Z-a28f802-148558d,0.340579854,2,4,1000000
8.080705306875702e-09,5449277664,worker-firm,rust,5.893590605474135e-08,20,7.620867250624168e-06,9,20260824T201216Z-a28f802-148558d,0.340579854,2,4,1000000
7.34166815225528e-09,5449277664,worker-firm,rust,5.7636208686553954e-08,20,6.673749914087598e-06,10,20260824T201216Z-a28f802-148558d,0.340579854,2,4,1000000
7.987103949721741e-09,5449277664,worker-firm,rust,5.857316720698378e-08,20,6.759535433182695e-06,11,20260824T201216Z-a28f802-148558d,0.340579854,2,4,1000000
7.204842030042457e-09,5449277664,worker-firm,rust,5.569078346631718e-08,20,5.5327824476177345e-06,12,20260824T201216Z-a28f802-148558d,0.340579854,2,4,1000000
8.001854824788237e-09,5449277664,worker-firm,rust,5.9209242122288835e-08,20,7.441294404574226e-06,13,20260824T201216Z-a28f802-148558d,0.340579854,2,4,1000000
7.948888794033573e-09,5449277664,worker-firm,rust,6.064376959686545e-08,20,7.200002083549315e-06,14,20260824T201216Z-a28f802-148558d,0.340579854,2,4,1000000
8.192797987433218e-09,5449277664,worker-firm,rust,6.118328338187097e-08,20,6.42990587935236e-06,15,20260824T201216Z-a28f802-148558d,0.340579854,2,4,1000000
7.433600978093064e-09,5449277664,worker-firm,rust,5.603177648462789e-08,20,6.543031201092947e-06,16,20260824T201216Z-a28f802-148558d,0.340579854,2,4,1000000
8.127045338942083e-09,4012586974,worker-firm,rust,5.8803763889740516e-08,20,8.652057454669541e-06,1,20260824T201216Z-a28f802-148558d,0.250786685875,2,8,1000000
7.868275171058834e-09,4012586974,worker-firm,rust,6.368731479985438e-08,20,6.410256521660426e-06,2,20260824T201216Z-a28f802-148558d,0.250786685875,2,8,1000000
7.62416530082723e-09,4012586974,worker-firm,rust,5.512092493126259e-08,20,7.252014756790373e-06,3,20260824T201216Z-a28f802-148558d,0.250786685875,2,8,1000000
7.329937468847552e-09,4012586974,worker-firm,rust,5.938826863538435e-08,20,6.7213639828166225e-06,4,20260824T201216Z-a28f802-148558d,0.250786685875,2,8,1000000
7.998034103834334e-09,4012586974,worker-firm,rust,5.791796310676575e-08,20,7.105082276966814e-06,5,20260824T201216Z-a28f802-148558d,0.250786685875,2,8,1000000
7.704004614030243e-09,4012586974,worker-firm,rust,6.192061974596021e-08,20,5.572688919397426e-06,6,20260824T201216Z-a28f802-148558d,0.250786685875,2,8,1000000
8.071790977937891e-09,4012586974,worker-firm,rust,5.8576978813233635e-08,20,6.034042780838526e-06,7,20260824T201216Z-a28f802-148558d,0.250786685875,2,8,1000000
8.136248797655574e-09,4012586974,worker-firm,rust,6.496256868773644e-08,20,6.40395134613719e-06,8,20260824T201216Z-a28f802-148558d,0.250786685875,2,8,1000000
8.080705306875702e-09,4012586974,worker-firm,rust,5.893590605474135e-08,20,7.620867250624168e-06,9,20260824T201216Z-a28f802-148558d,0.250786685875,2,8,1000000
7.34166815225528e-09,4012586974,worker-firm,rust,5.7636208686553954e-08,20,6.673749914087598e-06,10,20260824T201216Z-a28f802-148558d,0.250786685875,2,8,1000000
7.987103949721741e-09,4012586974,worker-firm,rust,5.857316720698378e-08,20,6.759535433182695e-06,11,20260824T201216Z-a28f802-148558d,0.250786685875,2,8,1000000
7.204842030042457e-09,4012586974,worker-firm,rust,5.569078346631718e-08,20,5.5327824476177345e-06,12,20260824T201216Z-a28f802-148558d,0.250786685875,2,8,1000000
8.001854824788237e-09,4012586974,worker-firm,rust,5.9209242122288835e-08,20,7.441294404574226e-06,13,20260824T201216Z-a28f802-148558d,0.250786685875,2,8,1000000
7.948888794033573e-09,4012586974,worker-firm,rust,6.064376959686545e-08,20,7.200002083549315e-06,14,20260824T201216Z-a28f802-148558d,0.250786685875,2,8,1000000
8.192797987433218e-09,4012586974,worker-firm,rust,6.118328338187097e-08,20,6.42990587935236e-06,15,20260824T201216Z-a28f802-148558d,0.250786685875,2,8,1000000
7.433600978093064e-09,4012586974,worker-firm,rust,5.603177648462789e-08,20,6.543031201092947e-06,16,20260824T201216Z-a28f802-148558d,0.250786685875,2,8,1000000
2.502791163466512e-10,23471425000.0,dense-worker-firm,matlab,2.242394265153162e-09,11,5.123798238712739e-08,1,20260824T201216Z-a28f802-148558d,1.4669640625,3,1,300000
2.576123413863632e-10,23471425000.0,dense-worker-firm,matlab,2.3131940874264237e-09,11,8.066779756334099e-08,2,20260824T201216Z-a28f802-148558d,1.4669640625,3,1,300000
2.4715219320000745e-10,23471425000.0,dense-worker-firm,matlab,2.217348047052972e-09,11,4.6884401724782975e-08,3,20260824T201216Z-a28f802-148558d,1.4669640625,3,1,300000
2.3969282731411076e-10,23471425000.0,dense-worker-firm,matlab,2.1505322818582296e-09,11,5.5766653406318374e-08,4,20260824T201216Z-a28f802-148558d,1.4669640625,3,1,300000
2.534624988619733e-10,23471425000.0,dense-worker-firm,matlab,2.2717933813252064e-09,11,6.932874563432992e-08,5,20260824T201216Z-a28f802-148558d,1.4669640625,3,1,300000
2.2271688115958324e-10,23471425000.0,dense-worker-firm,matlab,2.0017788891856245e-09,11,5.744917926897725e-08,6,20260824T201216Z-a28f802-148558d,1.4669640625,3,1,300000
2.4715889659663616e-10,23471425000.0,dense-worker-firm,matlab,2.218104911402712e-09,11,1.0211750344476845e-07,7,20260824T201216Z-a28f802-148558d,1.4669640625,3,1,300000
2.5224726181191326e-10,23471425000.0,dense-worker-firm,matlab,2.2644276246117957e-09,11,5.2279950149155434e-08,8,20260824T201216Z-a28f802-148558d,1.4669640625,3,1,300000
2.4374253821489173e-10,23471425000.0,dense-worker-firm,matlab,2.184947373591104e-09,11,1.0850648390462519e-07,9,20260824T201216Z-a28f802-148558d,1.4669640625,3,1,300000
2.3912875698648274e-10,23471425000.0,dense-worker-firm,matlab,2.146919765609166e-09,11,9.870984768224374e-08,10,20260824T201216Z-a28f802-148558d,1.4669640625,3,1,300000
2.3263462312194763e-10,23471425000.0,dense-worker-firm,matlab,2.0844623750802688e-09,11,5.9571078418757746e-08,11,20260824T201216Z-a28f802-148558d,1.4669640625,3,1,300000
2.3591348793445277e-10,23471425000.0,dense-worker-firm,matlab,2.119548323449084e-09,11,4.3816051971561216e-08,12,20260824T201216Z-a28f802-148558d,1.4669640625,3,1,300000
2.4145206211134926e-10,23471425000.0,dense-worker-firm,matlab,2.1678922583759233e-09,11,6.530813712199298e-08,13,20260824T201216Z-a28f802-148558d,1.4669640625,3,1,300000
2.3135052468004687e-10,23471425000.0,dense-worker-firm,matlab,2.075438965158772e-09,11,6.248052549385952e-08,14,20260824T201216Z-a28f802-148558d,1.4669640625,3,1,300000
2.247791282012272e-10,23471425000.0,dense-worker-firm,matlab,2.011024169831358e-09,11,4.7332452471865804e-08,15,20260824T201216Z-a28f802-148558d,1.4669640625,3,1,300000
2.395711888199102e-10,23471425000.0,dense-worker-firm,matlab,2.154115893408486e-09,11,5.671672728304482e-08,16,20260824T201216Z-a28f802-148558d,1.4669640625,3,1,300000
2.502791163484324e-10,22994053000.0,dense-worker-firm,matlab,2.2423942651691212e-09,11,5.123798230453095e-08,1,20260824T201216Z-a28f802-148558d,1.4371283125,3,16,300000
2.5761234139715296e-10,22994053000.0,dense-worker-firm,matlab,2.3131940875233085e-09,11,8.066779760467628e-08,2,20260824T201216Z-a28f802-148558d,1.4371283125,3,16,300000
2.471521932106748e-10,22994053000.0,dense-worker-firm,matlab,2.217348047148675e-09,11,4.6884401793641433e-08,3,20260824T201216Z-a28f802-148558d,1.4371283125,3,16,300000
2.3969282727297274e-10,22994053000.0,dense-worker-firm,matlab,2.1505322814891383e-09,11,5.5766653379336854e-08,4,20260824T201216Z-a28f802-148558d,1.4371283125,3,16,300000
2.5346249884240374e-10,22994053000.0,dense-worker-firm,matlab,2.2717933811498036e-09,11,6.932874553529552e-08,5,20260824T201216Z-a28f802-148558d,1.4371283125,3,16,300000
2.2271688113273848e-10,22994053000.0,dense-worker-firm,matlab,2.001778888944344e-09,11,5.7449179225204224e-08,6,20260824T201216Z-a28f802-148558d,1.4371283125,3,16,300000
2.471588966310667e-10,22994053000.0,dense-worker-firm,matlab,2.2181049117117057e-09,11,1.0211750344476845e-07,7,20260824T201216Z-a28f802-148558d,1.4371283125,3,16,300000
2.522472617870217e-10,22994053000.0,dense-worker-firm,matlab,2.2644276243883436e-09,11,5.2279950460403256e-08,8,20260824T201216Z-a28f802-148558d,1.4371283125,3,16,300000
2.4374253813111374e-10,22994053000.0,dense-worker-firm,matlab,2.1849473728401044e-09,11,1.0850648385426002e-07,9,20260824T201216Z-a28f802-148558d,1.4371283125,3,16,300000
2.391287569304375e-10,22994053000.0,dense-worker-firm,matlab,2.1469197651059866e-09,11,9.870984768310571e-08,10,20260824T201216Z-a28f802-148558d,1.4371283125,3,16,300000
2.3263462313154769e-10,22994053000.0,dense-worker-firm,matlab,2.0844623751662877e-09,11,5.957107836801441e-08,11,20260824T201216Z-a28f802-148558d,1.4371283125,3,16,300000
2.3591348797950796e-10,22994053000.0,dense-worker-firm,matlab,2.1195483238538793e-09,11,4.3816051995547767e-08,12,20260824T201216Z-a28f802-148558d,1.4371283125,3,16,300000
2.414520621362878e-10,22994053000.0,dense-worker-firm,matlab,2.1678922585998357e-09,11,6.530813699651004e-08,13,20260824T201216Z-a28f802-148558d,1.4371283125,3,16,300000
2.3135052476287526e-10,22994053000.0,dense-worker-firm,matlab,2.0754389659018228e-09,11,6.248052549385952e-08,14,20260824T201216Z-a28f802-148558d,1.4371283125,3,16,300000
2.2477912818239535e-10,22994053000.0,dense-worker-firm,matlab,2.011024169662876e-09,11,4.733245248475455e-08,15,20260824T201216Z-a28f802-148558d,1.4371283125,3,16,300000
2.3957118888134685e-10,22994053000.0,dense-worker-firm,matlab,2.154115893960896e-09,11,5.671672718380244e-08,16,20260824T201216Z-a28f802-148558d,1.4371283125,3,16,300000
2.5027911636118647e-10,22954117000.0,dense-worker-firm,matlab,2.2423942652833925e-09,11,5.1237982345829166e-08,1,20260824T201216Z-a28f802-148558d,1.4346323125,3,2,300000
2.576123414044111e-10,22954117000.0,dense-worker-firm,matlab,2.313194087588482e-09,11,8.066779760467628e-08,2,20260824T201216Z-a28f802-148558d,1.4346323125,3,2,300000
2.4715219313571365e-10,22954117000.0,dense-worker-firm,matlab,2.217348046476154e-09,11,4.6884401724782975e-08,3,20260824T201216Z-a28f802-148558d,1.4346323125,3,2,300000
2.39692827290534e-10,22954117000.0,dense-worker-firm,matlab,2.150532281646698e-09,11,5.576665337596417e-08,4,20260824T201216Z-a28f802-148558d,1.4346323125,3,2,300000
2.534624988408594e-10,22954117000.0,dense-worker-firm,matlab,2.2717933811359616e-09,11,6.932874567146782e-08,5,20260824T201216Z-a28f802-148558d,1.4346323125,3,2,300000
2.2271688107557524e-10,22954117000.0,dense-worker-firm,matlab,2.001778888430561e-09,11,5.7449179181431196e-08,6,20260824T201216Z-a28f802-148558d,1.4346323125,3,2,300000
2.471588966235508e-10,22954117000.0,dense-worker-firm,matlab,2.2181049116442553e-09,11,1.0211750344476845e-07,7,20260824T201216Z-a28f802-148558d,1.4346323125,3,2,300000
2.522472617040111e-10,22954117000.0,dense-worker-firm,matlab,2.264427623643156e-09,11,5.227995019703971e-08,8,20260824T201216Z-a28f802-148558d,1.4346323125,3,2,300000
2.437425381985882e-10,22954117000.0,dense-worker-firm,matlab,2.1849473734449567e-09,11,1.0850648391721648e-07,9,20260824T201216Z-a28f802-148558d,1.4346323125,3,2,300000
2.3912875694110857e-10,22954117000.0,dense-worker-firm,matlab,2.1469197652017927e-09,11,9.870984768655364e-08,10,20260824T201216Z-a28f802-148558d,1.4346323125,3,2,300000
2.326346231482136e-10,22954117000.0,dense-worker-firm,matlab,2.084462375315618e-09,11,5.9571078483032644e-08,11,20260824T201216Z-a28f802-148558d,1.4346323125,3,2,300000
2.3591348799758444e-10,22954117000.0,dense-worker-firm,matlab,2.1195483240162863e-09,11,4.3816052043520874e-08,12,20260824T201216Z-a28f802-148558d,1.4346323125,3,2,300000
2.414520621568849e-10,22954117000.0,dense-worker-firm,matlab,2.1678922587847676e-09,11,6.530813699651004e-08,13,20260824T201216Z-a28f802-148558d,1.4346323125,3,2,300000
2.3135052472743103e-10,22954117000.0,dense-worker-firm,matlab,2.0754389655838533e-09,11,6.248052561815001e-08,14,20260824T201216Z-a28f802-148558d,1.4346323125,3,2,300000
2.2477912820690045e-10,22954117000.0,dense-worker-firm,matlab,2.0110241698821145e-09,11,4.733245245897706e-08,15,20260824T201216Z-a28f802-148558d,1.4346323125,3,2,300000
2.3957118884900615e-10,22954117000.0,dense-worker-firm,matlab,2.1541158936701033e-09,11,5.671672728304482e-08,16,20260824T201216Z-a28f802-148558d,1.4346323125,3,2,300000
2.502791164128671e-10,23225107000.0,dense-worker-firm,matlab,2.2423942657464284e-09,11,5.123798226323272e-08,1,20260824T201216Z-a28f802-148558d,1.4515691875,3,32,300000
2.576123414064063e-10,23225107000.0,dense-worker-firm,matlab,2.313194087606398e-09,11,8.066779752200572e-08,2,20260824T201216Z-a28f802-148558d,1.4515691875,3,32,300000
2.471521931979766e-10,23225107000.0,dense-worker-firm,matlab,2.217348047034752e-09,11,4.6884401724782975e-08,3,20260824T201216Z-a28f802-148558d,1.4515691875,3,32,300000
2.3969282730952787e-10,23225107000.0,dense-worker-firm,matlab,2.1505322818171117e-09,11,5.576665337596417e-08,4,20260824T201216Z-a28f802-148558d,1.4515691875,3,32,300000
2.534624988534446e-10,23225107000.0,dense-worker-firm,matlab,2.271793381248763e-09,11,6.932874567146782e-08,5,20260824T201216Z-a28f802-148558d,1.4515691875,3,32,300000
2.227168811582183e-10,23225107000.0,dense-worker-firm,matlab,2.0017788891733565e-09,11,5.744917931275029e-08,6,20260824T201216Z-a28f802-148558d,1.4515691875,3,32,300000
2.471588966039458e-10,23225107000.0,dense-worker-firm,matlab,2.2181049114683115e-09,11,1.0211750351584073e-07,7,20260824T201216Z-a28f802-148558d,1.4515691875,3,32,300000
2.5224726172924426e-10,23225107000.0,dense-worker-firm,matlab,2.264427623869675e-09,11,5.227995031675042e-08,8,20260824T201216Z-a28f802-148558d,1.4515691875,3,32,300000
2.4374253824443413e-10,23225107000.0,dense-worker-firm,matlab,2.1849473738559273e-09,11,1.085064838920339e-07,9,20260824T201216Z-a28f802-148558d,1.4515691875,3,32,300000
2.391287569791393e-10,23225107000.0,dense-worker-firm,matlab,2.146919765543236e-09,11,9.87098476839677e-08,10,20260824T201216Z-a28f802-148558d,1.4515691875,3,32,300000
2.3263462307593183e-10,23225107000.0,dense-worker-firm,matlab,2.084462374667956e-09,11,5.957107830373951e-08,11,20260824T201216Z-a28f802-148558d,1.4515691875,3,32,300000
2.359134879383456e-10,23225107000.0,dense-worker-firm,matlab,2.119548323484059e-09,11,4.3816052019534324e-08,12,20260824T201216Z-a28f802-148558d,1.4515691875,3,32,300000
2.4145206213257657e-10,23225107000.0,dense-worker-firm,matlab,2.1678922585665144e-09,11,6.530813710944469e-08,13,20260824T201216Z-a28f802-148558d,1.4515691875,3,32,300000
2.3135052473418925e-10,23225107000.0,dense-worker-firm,matlab,2.0754389656444815e-09,11,6.248052565958017e-08,14,20260824T201216Z-a28f802-148558d,1.4515691875,3,32,300000
2.2477912822091105e-10,23225107000.0,dense-worker-firm,matlab,2.0110241700074625e-09,11,4.733245248475455e-08,15,20260824T201216Z-a28f802-148558d,1.4515691875,3,32,300000
2.395711888578399e-10,23225107000.0,dense-worker-firm,matlab,2.154115893749532e-09,11,5.6716727210267075e-08,16,20260824T201216Z-a28f802-148558d,1.4515691875,3,32,300000
2.5027911638496967e-10,23008333000.0,dense-worker-firm,matlab,2.2423942654964796e-09,11,5.123798230453095e-08,1,20260824T201216Z-a28f802-148558d,1.4380208125,3,4,300000
2.576123414369839e-10,23008333000.0,dense-worker-firm,matlab,2.313194087880964e-09,11,8.066779756334099e-08,2,20260824T201216Z-a28f802-148558d,1.4380208125,3,4,300000
2.471521931904705e-10,23008333000.0,dense-worker-firm,matlab,2.21734804696741e-09,11,4.6884401724782975e-08,3,20260824T201216Z-a28f802-148558d,1.4380208125,3,4,300000
2.396928273191719e-10,23008333000.0,dense-worker-firm,matlab,2.1505322819036386e-09,11,5.576665335235534e-08,4,20260824T201216Z-a28f802-148558d,1.4380208125,3,4,300000
2.53462498846594e-10,23008333000.0,dense-worker-firm,matlab,2.271793381187361e-09,11,6.932874562195062e-08,5,20260824T201216Z-a28f802-148558d,1.4380208125,3,4,300000
2.2271688112997216e-10,23008333000.0,dense-worker-firm,matlab,2.0017788889194803e-09,11,5.7449179225204224e-08,6,20260824T201216Z-a28f802-148558d,1.4380208125,3,4,300000
2.4715889662149516e-10,23008333000.0,dense-worker-firm,matlab,2.2181049116258067e-09,11,1.0211750337369616e-07,7,20260824T201216Z-a28f802-148558d,1.4380208125,3,4,300000
2.5224726180056967e-10,23008333000.0,dense-worker-firm,matlab,2.2644276245099636e-09,11,5.227995036463469e-08,8,20260824T201216Z-a28f802-148558d,1.4380208125,3,4,300000
2.4374253810921233e-10,23008333000.0,dense-worker-firm,matlab,2.1849473726437772e-09,11,1.085064838794426e-07,9,20260824T201216Z-a28f802-148558d,1.4380208125,3,4,300000
2.391287569864735e-10,23008333000.0,dense-worker-firm,matlab,2.1469197656090824e-09,11,9.870984768655364e-08,10,20260824T201216Z-a28f802-148558d,1.4380208125,3,4,300000
2.3263462314067312e-10,23008333000.0,dense-worker-firm,matlab,2.0844623752480537e-09,11,5.957107867924022e-08,11,20260824T201216Z-a28f802-148558d,1.4380208125,3,4,300000
2.3591348794655515e-10,23008333000.0,dense-worker-firm,matlab,2.119548323557817e-09,11,4.3816051995547767e-08,12,20260824T201216Z-a28f802-148558d,1.4380208125,3,4,300000
2.4145206212121494e-10,23008333000.0,dense-worker-firm,matlab,2.167892258464503e-09,11,6.530813700905834e-08,13,20260824T201216Z-a28f802-148558d,1.4380208125,3,4,300000
2.3135052474974472e-10,23008333000.0,dense-worker-firm,matlab,2.0754389657840285e-09,11,6.248052549385952e-08,14,20260824T201216Z-a28f802-148558d,1.4380208125,3,4,300000
2.2477912818437728e-10,23008333000.0,dense-worker-firm,matlab,2.0110241696806075e-09,11,4.733245248475455e-08,15,20260824T201216Z-a28f802-148558d,1.4380208125,3,4,300000
2.3957118882850764e-10,23008333000.0,dense-worker-firm,matlab,2.15411589348579e-09,11,5.671672709779237e-08,16,20260824T201216Z-a28f802-148558d,1.4380208125,3,4,300000
2.502791163408796e-10,22897290000.0,dense-worker-firm,matlab,2.2423942651014512e-09,11,5.1237982345829166e-08,1,20260824T201216Z-a28f802-148558d,1.431080625,3,8,300000
2.5761234141736523e-10,22897290000.0,dense-worker-firm,matlab,2.3131940877048015e-09,11,8.066779760467628e-08,2,20260824T201216Z-a28f802-148558d,1.431080625,3,8,300000
2.471521932126215e-10,22897290000.0,dense-worker-firm,matlab,2.21734804716614e-09,11,4.6884401724782975e-08,3,20260824T201216Z-a28f802-148558d,1.431080625,3,8,300000
2.3969282728505335e-10,22897290000.0,dense-worker-firm,matlab,2.1505322815975255e-09,11,5.576665337259148e-08,4,20260824T201216Z-a28f802-148558d,1.431080625,3,8,300000
2.5346249884538154e-10,22897290000.0,dense-worker-firm,matlab,2.271793381176494e-09,11,6.932874554767483e-08,5,20260824T201216Z-a28f802-148558d,1.431080625,3,8,300000
2.2271688112876277e-10,22897290000.0,dense-worker-firm,matlab,2.0017788889086104e-09,11,5.7449179225204224e-08,6,20260824T201216Z-a28f802-148558d,1.431080625,3,8,300000
2.4715889660954643e-10,22897290000.0,dense-worker-firm,matlab,2.2181049115185743e-09,11,1.02117503586913e-07,7,20260824T201216Z-a28f802-148558d,1.431080625,3,8,300000
2.5224726177952304e-10,22897290000.0,dense-worker-firm,matlab,2.2644276243210277e-09,11,5.2279950412518975e-08,8,20260824T201216Z-a28f802-148558d,1.431080625,3,8,300000
2.4374253821844644e-10,22897290000.0,dense-worker-firm,matlab,2.1849473736229693e-09,11,1.0850648391721648e-07,9,20260824T201216Z-a28f802-148558d,1.431080625,3,8,300000
2.391287569854078e-10,22897290000.0,dense-worker-firm,matlab,2.1469197655995152e-09,11,9.870984769172552e-08,10,20260824T201216Z-a28f802-148558d,1.431080625,3,8,300000
2.3263462312407088e-10,22897290000.0,dense-worker-firm,matlab,2.0844623750992935e-09,11,5.957107854054176e-08,11,20260824T201216Z-a28f802-148558d,1.431080625,3,8,300000
2.359134879972396e-10,22897290000.0,dense-worker-firm,matlab,2.119548324013188e-09,11,4.3816052043520874e-08,12,20260824T201216Z-a28f802-148558d,1.431080625,3,8,300000
2.4145206210864096e-10,22897290000.0,dense-worker-firm,matlab,2.1678922583516067e-09,11,6.530813702160663e-08,13,20260824T201216Z-a28f802-148558d,1.431080625,3,8,300000
2.3135052470763634e-10,22897290000.0,dense-worker-firm,matlab,2.075438965406276e-09,11,6.248052549385952e-08,14,20260824T201216Z-a28f802-148558d,1.431080625,3,8,300000
2.2477912820491118e-10,22897290000.0,dense-worker-firm,matlab,2.0110241698643177e-09,11,4.733245248475455e-08,15,20260824T201216Z-a28f802-148558d,1.431080625,3,8,300000
2.39571188876268e-10,22897290000.0,dense-worker-firm,matlab,2.1541158939152296e-09,11,5.671672713087317e-08,16,20260824T201216Z-a28f802-148558d,1.431080625,3,8,300000
7.394185888789426e-09,19682513579,dense-worker-firm,rust,6.624875547202269e-08,9,2.5114666663581433e-06,1,20260824T201216Z-a28f802-148558d,1.2301570986875,3,1,300000
7.607934186553162e-09,19682513579,dense-worker-firm,rust,6.83143835610755e-08,9,2.543644939632147e-06,2,20260824T201216Z-a28f802-148558d,1.2301570986875,3,1,300000
7.331024280672091e-09,19682513579,dense-worker-firm,rust,6.577094116872249e-08,9,1.35255423275636e-06,3,20260824T201216Z-a28f802-148558d,1.2301570986875,3,1,300000
7.222478920519111e-09,19682513579,dense-worker-firm,rust,6.480032896053033e-08,9,2.1897310058396033e-06,4,20260824T201216Z-a28f802-148558d,1.2301570986875,3,1,300000
7.496068357903465e-09,19682513579,dense-worker-firm,rust,6.718752680773817e-08,9,2.7163287344124563e-06,5,20260824T201216Z-a28f802-148558d,1.2301570986875,3,1,300000
7.028667579544149e-09,19682513579,dense-worker-firm,rust,6.317365006645467e-08,9,1.8423413515382048e-06,6,20260824T201216Z-a28f802-148558d,1.2301570986875,3,1,300000
7.368670053013465e-09,19682513579,dense-worker-firm,rust,6.612945537455199e-08,9,3.0915720591413543e-06,7,20260824T201216Z-a28f802-148558d,1.2301570986875,3,1,300000
7.406748140350878e-09,19682513579,dense-worker-firm,rust,6.649049414502438e-08,9,1.5980316968249313e-06,8,20260824T201216Z-a28f802-148558d,1.2301570986875,3,1,300000
7.3203757363590996e-09,19682513579,dense-worker-firm,rust,6.562102682357054e-08,9,3.830950002739281e-06,9,20260824T201216Z-a28f802-148558d,1.2301570986875,3,1,300000
7.275884529454983e-09,19682513579,dense-worker-firm,rust,6.532355411366403e-08,9,2.8589406668994e-06,10,20260824T201216Z-a28f802-148558d,1.2301570986875,3,1,300000
7.097292554843368e-09,19682513579,dense-worker-firm,rust,6.359345425177727e-08,9,1.4327044670416834e-06,11,20260824T201216Z-a28f802-148558d,1.2301570986875,3,1,300000
7.180089870512888e-09,19682513579,dense-worker-firm,rust,6.450901798709507e-08,9,1.339642113731238e-06,12,20260824T201216Z-a28f802-148558d,1.2301570986875,3,1,300000
7.323955877148138e-09,19682513579,dense-worker-firm,rust,6.575859032007109e-08,9,2.0922830529667045e-06,13,20260824T201216Z-a28f802-148558d,1.2301570986875,3,1,300000
7.115615348380033e-09,19682513579,dense-worker-firm,rust,6.383398239092809e-08,9,2.280377958620901e-06,14,20260824T201216Z-a28f802-148558d,1.2301570986875,3,1,300000
6.903686296139766e-09,19682513579,dense-worker-firm,rust,6.176498704302634e-08,9,1.4882790864274448e-06,15,20260824T201216Z-a28f802-148558d,1.2301570986875,3,1,300000
7.171646817673391e-09,19682513579,dense-worker-firm,rust,6.44842080313863e-08,9,1.4359996373650119e-06,16,20260824T201216Z-a28f802-148558d,1.2301570986875,3,1,300000
7.394185888789426e-09,2020365740,dense-worker-firm,rust,6.624875547202269e-08,9,2.5114666663581433e-06,1,20260824T201216Z-a28f802-148558d,0.12627285875,3,16,300000
7.607934186553162e-09,2020365740,dense-worker-firm,rust,6.83143835610755e-08,9,2.543644939632147e-06,2,20260824T201216Z-a28f802-148558d,0.12627285875,3,16,300000
7.331024280672091e-09,2020365740,dense-worker-firm,rust,6.577094116872249e-08,9,1.35255423275636e-06,3,20260824T201216Z-a28f802-148558d,0.12627285875,3,16,300000
7.222478920519111e-09,2020365740,dense-worker-firm,rust,6.480032896053033e-08,9,2.1897310058396033e-06,4,20260824T201216Z-a28f802-148558d,0.12627285875,3,16,300000
7.496068357903465e-09,2020365740,dense-worker-firm,rust,6.718752680773817e-08,9,2.7163287344124563e-06,5,20260824T201216Z-a28f802-148558d,0.12627285875,3,16,300000
7.028667579544149e-09,2020365740,dense-worker-firm,rust,6.317365006645467e-08,9,1.8423413515382048e-06,6,20260824T201216Z-a28f802-148558d,0.12627285875,3,16,300000
7.368670053013465e-09,2020365740,dense-worker-firm,rust,6.612945537455199e-08,9,3.0915720591413543e-06,7,20260824T201216Z-a28f802-148558d,0.12627285875,3,16,300000
7.406748140350878e-09,2020365740,dense-worker-firm,rust,6.649049414502438e-08,9,1.5980316968249313e-06,8,20260824T201216Z-a28f802-148558d,0.12627285875,3,16,300000
7.3203757363590996e-09,2020365740,dense-worker-firm,rust,6.562102682357054e-08,9,3.830950002739281e-06,9,20260824T201216Z-a28f802-148558d,0.12627285875,3,16,300000
7.275884529454983e-09,2020365740,dense-worker-firm,rust,6.532355411366403e-08,9,2.8589406668994e-06,10,20260824T201216Z-a28f802-148558d,0.12627285875,3,16,300000
7.097292554843368e-09,2020365740,dense-worker-firm,rust,6.359345425177727e-08,9,1.4327044670416834e-06,11,20260824T201216Z-a28f802-148558d,0.12627285875,3,16,300000
7.180089870512888e-09,2020365740,dense-worker-firm,rust,6.450901798709507e-08,9,1.339642113731238e-06,12,20260824T201216Z-a28f802-148558d,0.12627285875,3,16,300000
7.323955877148138e-09,2020365740,dense-worker-firm,rust,6.575859032007109e-08,9,2.0922830529667045e-06,13,20260824T201216Z-a28f802-148558d,0.12627285875,3,16,300000
7.115615348380033e-09,2020365740,dense-worker-firm,rust,6.383398239092809e-08,9,2.280377958620901e-06,14,20260824T201216Z-a28f802-148558d,0.12627285875,3,16,300000
6.903686296139766e-09,2020365740,dense-worker-firm,rust,6.176498704302634e-08,9,1.4882790864274448e-06,15,20260824T201216Z-a28f802-148558d,0.12627285875,3,16,300000
7.171646817673391e-09,2020365740,dense-worker-firm,rust,6.44842080313863e-08,9,1.4359996373650119e-06,16,20260824T201216Z-a28f802-148558d,0.12627285875,3,16,300000
7.394185888789426e-09,10219844028,dense-worker-firm,rust,6.624875547202269e-08,9,2.5114666663581433e-06,1,20260824T201216Z-a28f802-148558d,0.63874025175,3,2,300000
7.607934186553162e-09,10219844028,dense-worker-firm,rust,6.83143835610755e-08,9,2.543644939632147e-06,2,20260824T201216Z-a28f802-148558d,0.63874025175,3,2,300000
7.331024280672091e-09,10219844028,dense-worker-firm,rust,6.577094116872249e-08,9,1.35255423275636e-06,3,20260824T201216Z-a28f802-148558d,0.63874025175,3,2,300000
7.222478920519111e-09,10219844028,dense-worker-firm,rust,6.480032896053033e-08,9,2.1897310058396033e-06,4,20260824T201216Z-a28f802-148558d,0.63874025175,3,2,300000
7.496068357903465e-09,10219844028,dense-worker-firm,rust,6.718752680773817e-08,9,2.7163287344124563e-06,5,20260824T201216Z-a28f802-148558d,0.63874025175,3,2,300000
7.028667579544149e-09,10219844028,dense-worker-firm,rust,6.317365006645467e-08,9,1.8423413515382048e-06,6,20260824T201216Z-a28f802-148558d,0.63874025175,3,2,300000
7.368670053013465e-09,10219844028,dense-worker-firm,rust,6.612945537455199e-08,9,3.0915720591413543e-06,7,20260824T201216Z-a28f802-148558d,0.63874025175,3,2,300000
7.406748140350878e-09,10219844028,dense-worker-firm,rust,6.649049414502438e-08,9,1.5980316968249313e-06,8,20260824T201216Z-a28f802-148558d,0.63874025175,3,2,300000
7.3203757363590996e-09,10219844028,dense-worker-firm,rust,6.562102682357054e-08,9,3.830950002739281e-06,9,20260824T201216Z-a28f802-148558d,0.63874025175,3,2,300000
7.275884529454983e-09,10219844028,dense-worker-firm,rust,6.532355411366403e-08,9,2.8589406668994e-06,10,20260824T201216Z-a28f802-148558d,0.63874025175,3,2,300000
7.097292554843368e-09,10219844028,dense-worker-firm,rust,6.359345425177727e-08,9,1.4327044670416834e-06,11,20260824T201216Z-a28f802-148558d,0.63874025175,3,2,300000
7.180089870512888e-09,10219844028,dense-worker-firm,rust,6.450901798709507e-08,9,1.339642113731238e-06,12,20260824T201216Z-a28f802-148558d,0.63874025175,3,2,300000
7.323955877148138e-09,10219844028,dense-worker-firm,rust,6.575859032007109e-08,9,2.0922830529667045e-06,13,20260824T201216Z-a28f802-148558d,0.63874025175,3,2,300000
7.115615348380033e-09,10219844028,dense-worker-firm,rust,6.383398239092809e-08,9,2.280377958620901e-06,14,20260824T201216Z-a28f802-148558d,0.63874025175,3,2,300000
6.903686296139766e-09,10219844028,dense-worker-firm,rust,6.176498704302634e-08,9,1.4882790864274448e-06,15,20260824T201216Z-a28f802-148558d,0.63874025175,3,2,300000
7.171646817673391e-09,10219844028,dense-worker-firm,rust,6.44842080313863e-08,9,1.4359996373650119e-06,16,20260824T201216Z-a28f802-148558d,0.63874025175,3,2,300000
7.394185888789426e-09,1989471185,dense-worker-firm,rust,6.624875547202269e-08,9,2.5114666663581433e-06,1,20260824T201216Z-a28f802-148558d,0.1243419490625,3,32,300000
7.607934186553162e-09,1989471185,dense-worker-firm,rust,6.83143835610755e-08,9,2.543644939632147e-06,2,20260824T201216Z-a28f802-148558d,0.1243419490625,3,32,300000
7.331024280672091e-09,1989471185,dense-worker-firm,rust,6.577094116872249e-08,9,1.35255423275636e-06,3,20260824T201216Z-a28f802-148558d,0.1243419490625,3,32,300000
7.222478920519111e-09,1989471185,dense-worker-firm,rust,6.480032896053033e-08,9,2.1897310058396033e-06,4,20260824T201216Z-a28f802-148558d,0.1243419490625,3,32,300000
7.496068357903465e-09,1989471185,dense-worker-firm,rust,6.718752680773817e-08,9,2.7163287344124563e-06,5,20260824T201216Z-a28f802-148558d,0.1243419490625,3,32,300000
7.028667579544149e-09,1989471185,dense-worker-firm,rust,6.317365006645467e-08,9,1.8423413515382048e-06,6,20260824T201216Z-a28f802-148558d,0.1243419490625,3,32,300000
7.368670053013465e-09,1989471185,dense-worker-firm,rust,6.612945537455199e-08,9,3.0915720591413543e-06,7,20260824T201216Z-a28f802-148558d,0.1243419490625,3,32,300000
7.406748140350878e-09,1989471185,dense-worker-firm,rust,6.649049414502438e-08,9,1.5980316968249313e-06,8,20260824T201216Z-a28f802-148558d,0.1243419490625,3,32,300000
7.3203757363590996e-09,1989471185,dense-worker-firm,rust,6.562102682357054e-08,9,3.830950002739281e-06,9,20260824T201216Z-a28f802-148558d,0.1243419490625,3,32,300000
7.275884529454983e-09,1989471185,dense-worker-firm,rust,6.532355411366403e-08,9,2.8589406668994e-06,10,20260824T201216Z-a28f802-148558d,0.1243419490625,3,32,300000
7.097292554843368e-09,1989471185,dense-worker-firm,rust,6.359345425177727e-08,9,1.4327044670416834e-06,11,20260824T201216Z-a28f802-148558d,0.1243419490625,3,32,300000
7.180089870512888e-09,1989471185,dense-worker-firm,rust,6.450901798709507e-08,9,1.339642113731238e-06,12,20260824T201216Z-a28f802-148558d,0.1243419490625,3,32,300000
7.323955877148138e-09,1989471185,dense-worker-firm,rust,6.575859032007109e-08,9,2.0922830529667045e-06,13,20260824T201216Z-a28f802-148558d,0.1243419490625,3,32,300000
7.115615348380033e-09,1989471185,dense-worker-firm,rust,6.383398239092809e-08,9,2.280377958620901e-06,14,20260824T201216Z-a28f802-148558d,0.1243419490625,3,32,300000
6.903686296139766e-09,1989471185,dense-worker-firm,rust,6.176498704302634e-08,9,1.4882790864274448e-06,15,20260824T201216Z-a28f802-148558d,0.1243419490625,3,32,300000
7.171646817673391e-09,1989471185,dense-worker-firm,rust,6.44842080313863e-08,9,1.4359996373650119e-06,16,20260824T201216Z-a28f802-148558d,0.1243419490625,3,32,300000
7.394185888789426e-09,6651240684,dense-worker-firm,rust,6.624875547202269e-08,9,2.5114666663581433e-06,1,20260824T201216Z-a28f802-148558d,0.41570254275,3,4,300000
7.607934186553162e-09,6651240684,dense-worker-firm,rust,6.83143835610755e-08,9,2.543644939632147e-06,2,20260824T201216Z-a28f802-148558d,0.41570254275,3,4,300000
7.331024280672091e-09,6651240684,dense-worker-firm,rust,6.577094116872249e-08,9,1.35255423275636e-06,3,20260824T201216Z-a28f802-148558d,0.41570254275,3,4,300000
7.222478920519111e-09,6651240684,dense-worker-firm,rust,6.480032896053033e-08,9,2.1897310058396033e-06,4,20260824T201216Z-a28f802-148558d,0.41570254275,3,4,300000
7.496068357903465e-09,6651240684,dense-worker-firm,rust,6.718752680773817e-08,9,2.7163287344124563e-06,5,20260824T201216Z-a28f802-148558d,0.41570254275,3,4,300000
7.028667579544149e-09,6651240684,dense-worker-firm,rust,6.317365006645467e-08,9,1.8423413515382048e-06,6,20260824T201216Z-a28f802-148558d,0.41570254275,3,4,300000
7.368670053013465e-09,6651240684,dense-worker-firm,rust,6.612945537455199e-08,9,3.0915720591413543e-06,7,20260824T201216Z-a28f802-148558d,0.41570254275,3,4,300000
7.406748140350878e-09,6651240684,dense-worker-firm,rust,6.649049414502438e-08,9,1.5980316968249313e-06,8,20260824T201216Z-a28f802-148558d,0.41570254275,3,4,300000
7.3203757363590996e-09,6651240684,dense-worker-firm,rust,6.562102682357054e-08,9,3.830950002739281e-06,9,20260824T201216Z-a28f802-148558d,0.41570254275,3,4,300000
7.275884529454983e-09,6651240684,dense-worker-firm,rust,6.532355411366403e-08,9,2.8589406668994e-06,10,20260824T201216Z-a28f802-148558d,0.41570254275,3,4,300000
7.097292554843368e-09,6651240684,dense-worker-firm,rust,6.359345425177727e-08,9,1.4327044670416834e-06,11,20260824T201216Z-a28f802-148558d,0.41570254275,3,4,300000
7.180089870512888e-09,6651240684,dense-worker-firm,rust,6.450901798709507e-08,9,1.339642113731238e-06,12,20260824T201216Z-a28f802-148558d,0.41570254275,3,4,300000
7.323955877148138e-09,6651240684,dense-worker-firm,rust,6.575859032007109e-08,9,2.0922830529667045e-06,13,20260824T201216Z-a28f802-148558d,0.41570254275,3,4,300000
7.115615348380033e-09,6651240684,dense-worker-firm,rust,6.383398239092809e-08,9,2.280377958620901e-06,14,20260824T201216Z-a28f802-148558d,0.41570254275,3,4,300000
6.903686296139766e-09,6651240684,dense-worker-firm,rust,6.176498704302634e-08,9,1.4882790864274448e-06,15,20260824T201216Z-a28f802-148558d,0.41570254275,3,4,300000
7.171646817673391e-09,6651240684,dense-worker-firm,rust,6.44842080313863e-08,9,1.4359996373650119e-06,16,20260824T201216Z-a28f802-148558d,0.41570254275,3,4,300000
7.394185888789426e-09,3260280660,dense-worker-firm,rust,6.624875547202269e-08,9,2.5114666663581433e-06,1,20260824T201216Z-a28f802-148558d,0.20376754125,3,8,300000
7.607934186553162e-09,3260280660,dense-worker-firm,rust,6.83143835610755e-08,9,2.543644939632147e-06,2,20260824T201216Z-a28f802-148558d,0.20376754125,3,8,300000
7.331024280672091e-09,3260280660,dense-worker-firm,rust,6.577094116872249e-08,9,1.35255423275636e-06,3,20260824T201216Z-a28f802-148558d,0.20376754125,3,8,300000
7.222478920519111e-09,3260280660,dense-worker-firm,rust,6.480032896053033e-08,9,2.1897310058396033e-06,4,20260824T201216Z-a28f802-148558d,0.20376754125,3,8,300000
7.496068357903465e-09,3260280660,dense-worker-firm,rust,6.718752680773817e-08,9,2.7163287344124563e-06,5,20260824T201216Z-a28f802-148558d,0.20376754125,3,8,300000
7.028667579544149e-09,3260280660,dense-worker-firm,rust,6.317365006645467e-08,9,1.8423413515382048e-06,6,20260824T201216Z-a28f802-148558d,0.20376754125,3,8,300000
7.368670053013465e-09,3260280660,dense-worker-firm,rust,6.612945537455199e-08,9,3.0915720591413543e-06,7,20260824T201216Z-a28f802-148558d,0.20376754125,3,8,300000
7.406748140350878e-09,3260280660,dense-worker-firm,rust,6.649049414502438e-08,9,1.5980316968249313e-06,8,20260824T201216Z-a28f802-148558d,0.20376754125,3,8,300000
7.3203757363590996e-09,3260280660,dense-worker-firm,rust,6.562102682357054e-08,9,3.830950002739281e-06,9,20260824T201216Z-a28f802-148558d,0.20376754125,3,8,300000
7.275884529454983e-09,3260280660,dense-worker-firm,rust,6.532355411366403e-08,9,2.8589406668994e-06,10,20260824T201216Z-a28f802-148558d,0.20376754125,3,8,300000
7.097292554843368e-09,3260280660,dense-worker-firm,rust,6.359345425177727e-08,9,1.4327044670416834e-06,11,20260824T201216Z-a28f802-148558d,0.20376754125,3,8,300000
7.180089870512888e-09,3260280660,dense-worker-firm,rust,6.450901798709507e-08,9,1.339642113731238e-06,12,20260824T201216Z-a28f802-148558d,0.20376754125,3,8,300000
7.323955877148138e-09,3260280660,dense-worker-firm,rust,6.575859032007109e-08,9,2.0922830529667045e-06,13,20260824T201216Z-a28f802-148558d,0.20376754125,3,8,300000
7.115615348380033e-09,3260280660,dense-worker-firm,rust,6.383398239092809e-08,9,2.280377958620901e-06,14,20260824T201216Z-a28f802-148558d,0.20376754125,3,8,300000
6.903686296139766e-09,3260280660,dense-worker-firm,rust,6.176498704302634e-08,9,1.4882790864274448e-06,15,20260824T201216Z-a28f802-148558d,0.20376754125,3,8,300000
7.171646817673391e-09,3260280660,dense-worker-firm,rust,6.44842080313863e-08,9,1.4359996373650119e-06,16,20260824T201216Z-a28f802-148558d,0.20376754125,3,8,300000
3.2102500876428127e-10,104342543000.0,dense-worker-firm,matlab,2.4678099490615073e-09,11,4.408106318819118e-08,1,20260824T201216Z-a28f802-148558d,6.5214089375,4,1,1000000.0
3.081792658429796e-10,104342543000.0,dense-worker-firm,matlab,2.416530667806037e-09,11,4.836351172000432e-08,2,20260824T201216Z-a28f802-148558d,6.5214089375,4,1,1000000.0
3.2524388852388034e-10,104342543000.0,dense-worker-firm,matlab,2.5071552567255214e-09,11,5.2129982958526556e-08,3,20260824T201216Z-a28f802-148558d,6.5214089375,4,1,1000000.0
3.625883028524971e-10,104342543000.0,dense-worker-firm,matlab,2.823651552858182e-09,11,5.150718687816302e-08,4,20260824T201216Z-a28f802-148558d,6.5214089375,4,1,1000000.0
2.9504493146679734e-10,104342543000.0,dense-worker-firm,matlab,2.271548058152725e-09,11,4.444686054945405e-08,5,20260824T201216Z-a28f802-148558d,6.5214089375,4,1,1000000.0
3.48539825897243e-10,104342543000.0,dense-worker-firm,matlab,2.7215609463248565e-09,11,4.2886392002921036e-08,6,20260824T201216Z-a28f802-148558d,6.5214089375,4,1,1000000.0
3.1394693971787434e-10,104342543000.0,dense-worker-firm,matlab,2.4174126739812777e-09,11,5.099276060753939e-08,7,20260824T201216Z-a28f802-148558d,6.5214089375,4,1,1000000.0
3.193786681303163e-10,104342543000.0,dense-worker-firm,matlab,2.483266359357843e-09,11,4.6305081344482575e-08,8,20260824T201216Z-a28f802-148558d,6.5214089375,4,1,1000000.0
2.9638012585899145e-10,104342543000.0,dense-worker-firm,matlab,2.286069902953519e-09,11,4.0762220985154906e-08,9,20260824T201216Z-a28f802-148558d,6.5214089375,4,1,1000000.0
2.728979619520882e-10,104342543000.0,dense-worker-firm,matlab,2.1226199728016607e-09,11,4.046211630801758e-08,10,20260824T201216Z-a28f802-148558d,6.5214089375,4,1,1000000.0
2.9955172421008413e-10,104342543000.0,dense-worker-firm,matlab,2.307786919239115e-09,11,4.168099929240766e-08,11,20260824T201216Z-a28f802-148558d,6.5214089375,4,1,1000000.0
3.266140665613036e-10,104342543000.0,dense-worker-firm,matlab,2.533643936801076e-09,11,5.889803644993334e-08,12,20260824T201216Z-a28f802-148558d,6.5214089375,4,1,1000000.0
2.857871481478645e-10,104342543000.0,dense-worker-firm,matlab,2.207349379026107e-09,11,4.41508435173837e-08,13,20260824T201216Z-a28f802-148558d,6.5214089375,4,1,1000000.0
3.5710626194036746e-10,104342543000.0,dense-worker-firm,matlab,2.7555572068264014e-09,11,5.760154570883124e-08,14,20260824T201216Z-a28f802-148558d,6.5214089375,4,1,1000000.0
3.320067360997027e-10,104342543000.0,dense-worker-firm,matlab,2.5592165797173936e-09,11,4.636472101607919e-08,15,20260824T201216Z-a28f802-148558d,6.5214089375,4,1,1000000.0
2.7059443866470175e-10,104342543000.0,dense-worker-firm,matlab,2.0921576865150903e-09,11,3.564947097175635e-08,16,20260824T201216Z-a28f802-148558d,6.5214089375,4,1,1000000.0
3.2102500877699576e-10,105808878000.0,dense-worker-firm,matlab,2.467809949159248e-09,11,4.4081063234805745e-08,1,20260824T201216Z-a28f802-148558d,6.613054875,4,16,1000000.0
3.0817926582752503e-10,105808878000.0,dense-worker-firm,matlab,2.416530667684853e-09,11,4.836351175091141e-08,2,20260824T201216Z-a28f802-148558d,6.613054875,4,16,1000000.0
3.2524388855376917e-10,105808878000.0,dense-worker-firm,matlab,2.507155256955921e-09,11,5.212998301612376e-08,3,20260824T201216Z-a28f802-148558d,6.613054875,4,16,1000000.0
3.6258830288220617e-10,105808878000.0,dense-worker-firm,matlab,2.823651553089541e-09,11,5.150718643787489e-08,4,20260824T201216Z-a28f802-148558d,6.613054875,4,16,1000000.0
2.9504493148057377e-10,105808878000.0,dense-worker-firm,matlab,2.271548058258789e-09,11,4.44468605990146e-08,5,20260824T201216Z-a28f802-148558d,6.613054875,4,16,1000000.0
3.4853982588636726e-10,105808878000.0,dense-worker-firm,matlab,2.721560946239934e-09,11,4.288639193084295e-08,6,20260824T201216Z-a28f802-148558d,6.613054875,4,16,1000000.0
3.1394693977906885e-10,105808878000.0,dense-worker-firm,matlab,2.417412674452479e-09,11,5.099276052127465e-08,7,20260824T201216Z-a28f802-148558d,6.613054875,4,16,1000000.0
3.193786681512569e-10,105808878000.0,dense-worker-firm,matlab,2.4832663595206627e-09,11,4.630508127137485e-08,8,20260824T201216Z-a28f802-148558d,6.613054875,4,16,1000000.0
2.9638012588451736e-10,105808878000.0,dense-worker-firm,matlab,2.2860699031504076e-09,11,4.076222096042733e-08,9,20260824T201216Z-a28f802-148558d,6.613054875,4,16,1000000.0
2.7289796191191566e-10,105808878000.0,dense-worker-firm,matlab,2.1226199724891957e-09,11,4.0462116399633e-08,10,20260824T201216Z-a28f802-148558d,6.613054875,4,16,1000000.0
2.995517242072763e-10,105808878000.0,dense-worker-firm,matlab,2.3077869192174837e-09,11,4.1680999363764345e-08,11,20260824T201216Z-a28f802-148558d,6.613054875,4,16,1000000.0
3.2661406657395207e-10,105808878000.0,dense-worker-firm,matlab,2.533643936899194e-09,11,5.889803642397241e-08,12,20260824T201216Z-a28f802-148558d,6.613054875,4,16,1000000.0
2.857871481330716e-10,105808878000.0,dense-worker-firm,matlab,2.20734937891185e-09,11,4.415084351082003e-08,13,20260824T201216Z-a28f802-148558d,6.613054875,4,16,1000000.0
3.571062619660485e-10,105808878000.0,dense-worker-firm,matlab,2.755557207024565e-09,11,5.760154575894834e-08,14,20260824T201216Z-a28f802-148558d,6.613054875,4,16,1000000.0
3.320067360877785e-10,105808878000.0,dense-worker-firm,matlab,2.559216579625478e-09,11,4.636472088622512e-08,15,20260824T201216Z-a28f802-148558d,6.613054875,4,16,1000000.0
2.705944386231144e-10,105808878000.0,dense-worker-firm,matlab,2.092157686193549e-09,11,3.5649470872401334e-08,16,20260824T201216Z-a28f802-148558d,6.613054875,4,16,1000000.0
3.2102500882419205e-10,107452255000.0,dense-worker-firm,matlab,2.4678099495220587e-09,11,4.4081063234805745e-08,1,20260824T201216Z-a28f802-148558d,6.7157659375,4,2,1000000.0
3.081792658432079e-10,107452255000.0,dense-worker-firm,matlab,2.4165306678078275e-09,11,4.836351173030669e-08,2,20260824T201216Z-a28f802-148558d,6.7157659375,4,2,1000000.0
3.25243888523655e-10,107452255000.0,dense-worker-firm,matlab,2.5071552567237847e-09,11,5.212998286390259e-08,3,20260824T201216Z-a28f802-148558d,6.7157659375,4,2,1000000.0
3.6258830288521876e-10,107452255000.0,dense-worker-firm,matlab,2.823651553113001e-09,11,5.1507186708821435e-08,4,20260824T201216Z-a28f802-148558d,6.7157659375,4,2,1000000.0
2.9504493144588585e-10,107452255000.0,dense-worker-firm,matlab,2.271548057991727e-09,11,4.444686067335544e-08,5,20260824T201216Z-a28f802-148558d,6.7157659375,4,2,1000000.0
3.4853982591532453e-10,107452255000.0,dense-worker-firm,matlab,2.7215609464660455e-09,11,4.288639185876486e-08,6,20260824T201216Z-a28f802-148558d,6.7157659375,4,2,1000000.0
3.139469397519693e-10,107452255000.0,dense-worker-firm,matlab,2.4174126742438108e-09,11,5.0992760547817654e-08,7,20260824T201216Z-a28f802-148558d,6.7157659375,4,2,1000000.0
3.193786681812007e-10,107452255000.0,dense-worker-firm,matlab,2.4832663597534846e-09,11,4.630508127137485e-08,8,20260824T201216Z-a28f802-148558d,6.7157659375,4,2,1000000.0
2.963801259025907e-10,107452255000.0,dense-worker-firm,matlab,2.286069903289813e-09,11,4.0762220861516974e-08,9,20260824T201216Z-a28f802-148558d,6.7157659375,4,2,1000000.0
2.72897961920429e-10,107452255000.0,dense-worker-firm,matlab,2.1226199725554135e-09,11,4.0462116386060345e-08,10,20260824T201216Z-a28f802-148558d,6.7157659375,4,2,1000000.0
2.9955172420400466e-10,107452255000.0,dense-worker-firm,matlab,2.3077869191922783e-09,11,4.1680999251632416e-08,11,20260824T201216Z-a28f802-148558d,6.7157659375,4,2,1000000.0
3.2661406654143286e-10,107452255000.0,dense-worker-firm,matlab,2.5336439366469325e-09,11,5.889803646291381e-08,12,20260824T201216Z-a28f802-148558d,6.7157659375,4,2,1000000.0
2.8578714815316447e-10,107452255000.0,dense-worker-firm,matlab,2.207349379067043e-09,11,4.415084351082003e-08,13,20260824T201216Z-a28f802-148558d,6.7157659375,4,2,1000000.0
3.571062619648179e-10,107452255000.0,dense-worker-firm,matlab,2.755557207015069e-09,11,5.760154577147762e-08,14,20260824T201216Z-a28f802-148558d,6.7157659375,4,2,1000000.0
3.3200673609159443e-10,107452255000.0,dense-worker-firm,matlab,2.559216579654892e-09,11,4.636472101607919e-08,15,20260824T201216Z-a28f802-148558d,6.7157659375,4,2,1000000.0
2.7059443856681764e-10,107452255000.0,dense-worker-firm,matlab,2.092157685758279e-09,11,3.564947110422971e-08,16,20260824T201216Z-a28f802-148558d,6.7157659375,4,2,1000000.0
3.2102500878459166e-10,105330753000.0,dense-worker-firm,matlab,2.4678099492176393e-09,11,4.408106311826934e-08,1,20260824T201216Z-a28f802-148558d,6.5831720625,4,32,1000000.0
3.0817926579678146e-10,105330753000.0,dense-worker-firm,matlab,2.4165306674437832e-09,11,4.8363511800706196e-08,2,20260824T201216Z-a28f802-148558d,6.5831720625,4,32,1000000.0
3.252438885468395e-10,105330753000.0,dense-worker-firm,matlab,2.5071552569025037e-09,11,5.212998295506206e-08,3,20260824T201216Z-a28f802-148558d,6.5831720625,4,32,1000000.0
3.625883028844432e-10,105330753000.0,dense-worker-firm,matlab,2.8236515531069623e-09,11,5.150718675623708e-08,4,20260824T201216Z-a28f802-148558d,6.5831720625,4,32,1000000.0
2.9504493147166183e-10,105330753000.0,dense-worker-firm,matlab,2.2715480581901765e-09,11,4.444686068574558e-08,5,20260824T201216Z-a28f802-148558d,6.5831720625,4,32,1000000.0
3.4853982591151914e-10,105330753000.0,dense-worker-firm,matlab,2.7215609464363315e-09,11,4.288639188279089e-08,6,20260824T201216Z-a28f802-148558d,6.5831720625,4,32,1000000.0
3.139469397684511e-10,105330753000.0,dense-worker-firm,matlab,2.4174126743707218e-09,11,5.099276056108915e-08,7,20260824T201216Z-a28f802-148558d,6.5831720625,4,32,1000000.0
3.193786681523488e-10,105330753000.0,dense-worker-firm,matlab,2.4832663595291524e-09,11,4.630508124700562e-08,8,20260824T201216Z-a28f802-148558d,6.5831720625,4,32,1000000.0
2.963801258956979e-10,105330753000.0,dense-worker-firm,matlab,2.286069903236647e-09,11,4.076222088624456e-08,9,20260824T201216Z-a28f802-148558d,6.5831720625,4,32,1000000.0
2.728979619118839e-10,105330753000.0,dense-worker-firm,matlab,2.1226199724889488e-09,11,4.04621164369578e-08,10,20260824T201216Z-a28f802-148558d,6.5831720625,4,32,1000000.0
2.9955172422429685e-10,105330753000.0,dense-worker-firm,matlab,2.307786919348612e-09,11,4.168099931959116e-08,11,20260824T201216Z-a28f802-148558d,6.5831720625,4,32,1000000.0
3.26614066543532e-10,105330753000.0,dense-worker-firm,matlab,2.533643936663216e-09,11,5.889803644993334e-08,12,20260824T201216Z-a28f802-148558d,6.5831720625,4,32,1000000.0
2.857871481584484e-10,105330753000.0,dense-worker-firm,matlab,2.2073493791078542e-09,11,4.4150843537074716e-08,13,20260824T201216Z-a28f802-148558d,6.5831720625,4,32,1000000.0
3.571062619790706e-10,105330753000.0,dense-worker-firm,matlab,2.7555572071250483e-09,11,5.760154573388979e-08,14,20260824T201216Z-a28f802-148558d,6.5831720625,4,32,1000000.0
3.32006736070453e-10,105330753000.0,dense-worker-firm,matlab,2.559216579491927e-09,11,4.636472084294043e-08,15,20260824T201216Z-a28f802-148558d,6.5831720625,4,32,1000000.0
2.7059443858554304e-10,105330753000.0,dense-worker-firm,matlab,2.092157685903058e-09,11,3.5649470859154e-08,16,20260824T201216Z-a28f802-148558d,6.5831720625,4,32,1000000.0
3.2102500876656734e-10,107741341000.0,dense-worker-firm,matlab,2.467809949079081e-09,11,4.408106325811303e-08,1,20260824T201216Z-a28f802-148558d,6.7338338125,4,4,1000000.0
3.0817926583567043e-10,107741341000.0,dense-worker-firm,matlab,2.4165306677487238e-09,11,4.836351179555501e-08,2,20260824T201216Z-a28f802-148558d,6.7338338125,4,4,1000000.0
3.2524388855732093e-10,107741341000.0,dense-worker-firm,matlab,2.5071552569833e-09,11,5.212998283770236e-08,3,20260824T201216Z-a28f802-148558d,6.7338338125,4,4,1000000.0
3.62588302874877e-10,107741341000.0,dense-worker-firm,matlab,2.823651553032465e-09,11,5.150718670204777e-08,4,20260824T201216Z-a28f802-148558d,6.7338338125,4,4,1000000.0
2.9504493147574376e-10,107741341000.0,dense-worker-firm,matlab,2.271548058221603e-09,11,4.444686054945405e-08,5,20260824T201216Z-a28f802-148558d,6.7338338125,4,4,1000000.0
3.485398259347457e-10,107741341000.0,dense-worker-firm,matlab,2.721560946617695e-09,11,4.288639193084295e-08,6,20260824T201216Z-a28f802-148558d,6.7338338125,4,4,1000000.0
3.139469397816542e-10,107741341000.0,dense-worker-firm,matlab,2.417412674472387e-09,11,5.099276046818865e-08,7,20260824T201216Z-a28f802-148558d,6.7338338125,4,4,1000000.0
3.1937866812447576e-10,107741341000.0,dense-worker-firm,matlab,2.483266359312431e-09,11,4.6305081222636376e-08,8,20260824T201216Z-a28f802-148558d,6.7338338125,4,4,1000000.0
2.9638012590146914e-10,107741341000.0,dense-worker-firm,matlab,2.286069903281162e-09,11,4.0762220861516974e-08,9,20260824T201216Z-a28f802-148558d,6.7338338125,4,4,1000000.0
2.728979619506186e-10,107741341000.0,dense-worker-firm,matlab,2.12261997279023e-09,11,4.04621164369578e-08,10,20260824T201216Z-a28f802-148558d,6.7338338125,4,4,1000000.0
2.995517242249731e-10,107741341000.0,dense-worker-firm,matlab,2.3077869193538217e-09,11,4.168099934337672e-08,11,20260824T201216Z-a28f802-148558d,6.7338338125,4,4,1000000.0
3.266140665454158e-10,107741341000.0,dense-worker-firm,matlab,2.5336439366778294e-09,11,5.889803646291381e-08,12,20260824T201216Z-a28f802-148558d,6.7338338125,4,4,1000000.0
2.8578714818238504e-10,107741341000.0,dense-worker-firm,matlab,2.207349379292735e-09,11,4.4150843530511044e-08,13,20260824T201216Z-a28f802-148558d,6.7338338125,4,4,1000000.0
3.571062619350802e-10,107741341000.0,dense-worker-firm,matlab,2.7555572067856027e-09,11,5.760154570883124e-08,14,20260824T201216Z-a28f802-148558d,6.7338338125,4,4,1000000.0
3.320067360853645e-10,107741341000.0,dense-worker-firm,matlab,2.55921657960687e-09,11,4.636472088622512e-08,15,20260824T201216Z-a28f802-148558d,6.7338338125,4,4,1000000.0
2.705944386135817e-10,107741341000.0,dense-worker-firm,matlab,2.092157686119845e-09,11,3.564947106448771e-08,16,20260824T201216Z-a28f802-148558d,6.7338338125,4,4,1000000.0
3.210250088035191e-10,112568493000.0,dense-worker-firm,matlab,2.46780994936314e-09,11,4.4081063281420304e-08,1,20260824T201216Z-a28f802-148558d,7.0355308125,4,8,1000000.0
3.081792658050552e-10,112568493000.0,dense-worker-firm,matlab,2.4165306675086602e-09,11,4.836351176293084e-08,2,20260824T201216Z-a28f802-148558d,7.0355308125,4,8,1000000.0
3.252438885587258e-10,112568493000.0,dense-worker-firm,matlab,2.5071552569941293e-09,11,5.212998285978851e-08,3,20260824T201216Z-a28f802-148558d,7.0355308125,4,8,1000000.0
3.625883028732579e-10,112568493000.0,dense-worker-firm,matlab,2.8236515530198564e-09,11,5.1507186783331734e-08,4,20260824T201216Z-a28f802-148558d,7.0355308125,4,8,1000000.0
2.9504493147857546e-10,112568493000.0,dense-worker-firm,matlab,2.271548058243404e-09,11,4.444686071052586e-08,5,20260824T201216Z-a28f802-148558d,7.0355308125,4,8,1000000.0
3.4853982592180156e-10,112568493000.0,dense-worker-firm,matlab,2.721560946516621e-09,11,4.288639193084295e-08,6,20260824T201216Z-a28f802-148558d,7.0355308125,4,8,1000000.0
3.139469398029309e-10,112568493000.0,dense-worker-firm,matlab,2.417412674636219e-09,11,5.099276049473165e-08,7,20260824T201216Z-a28f802-148558d,7.0355308125,4,8,1000000.0
3.193786681509216e-10,112568493000.0,dense-worker-firm,matlab,2.4832663595180554e-09,11,4.6305081295744094e-08,8,20260824T201216Z-a28f802-148558d,7.0355308125,4,8,1000000.0
2.9638012588891853e-10,112568493000.0,dense-worker-firm,matlab,2.2860699031843556e-09,11,4.0762221071701464e-08,9,20260824T201216Z-a28f802-148558d,7.0355308125,4,8,1000000.0
2.728979619279265e-10,112568493000.0,dense-worker-firm,matlab,2.122619972613729e-09,11,4.046211639623984e-08,10,20260824T201216Z-a28f802-148558d,7.0355308125,4,8,1000000.0
2.9955172420148207e-10,112568493000.0,dense-worker-firm,matlab,2.3077869191728437e-09,11,4.1680999380754026e-08,11,20260824T201216Z-a28f802-148558d,7.0355308125,4,8,1000000.0
3.266140665675226e-10,112568493000.0,dense-worker-firm,matlab,2.533643936849318e-09,11,5.889803644993334e-08,12,20260824T201216Z-a28f802-148558d,7.0355308125,4,8,1000000.0
2.8578714812833514e-10,112568493000.0,dense-worker-firm,matlab,2.2073493788752668e-09,11,4.415084350425636e-08,13,20260824T201216Z-a28f802-148558d,7.0355308125,4,8,1000000.0
3.571062620091013e-10,112568493000.0,dense-worker-firm,matlab,2.7555572073567755e-09,11,5.760154579653617e-08,14,20260824T201216Z-a28f802-148558d,7.0355308125,4,8,1000000.0
3.3200673607435666e-10,112568493000.0,dense-worker-firm,matlab,2.5592165795220177e-09,11,4.636472084294043e-08,15,20260824T201216Z-a28f802-148558d,7.0355308125,4,8,1000000.0
2.7059443863202687e-10,112568493000.0,dense-worker-firm,matlab,2.0921576862624574e-09,11,3.56494710446167e-08,16,20260824T201216Z-a28f802-148558d,7.0355308125,4,8,1000000.0
8.794504230289737e-09,95979957905,dense-worker-firm,rust,6.76058388382483e-08,9,1.325816247834302e-06,1,20260824T201216Z-a28f802-148558d,5.9987473690625,4,1,1000000
8.419359529867706e-09,95979957905,dense-worker-firm,rust,6.601884921574154e-08,9,1.3222366064261614e-06,2,20260824T201216Z-a28f802-148558d,5.9987473690625,4,1,1000000
8.563583742409827e-09,95979957905,dense-worker-firm,rust,6.601272069748031e-08,9,1.2786860322937846e-06,3,20260824T201216Z-a28f802-148558d,5.9987473690625,4,1,1000000
9.335890102033001e-09,95979957905,dense-worker-firm,rust,7.270311896652581e-08,9,1.2937876217515265e-06,4,20260824T201216Z-a28f802-148558d,5.9987473690625,4,1,1000000
8.307647338990284e-09,95979957905,dense-worker-firm,rust,6.396049599057976e-08,9,1.2957602557105182e-06,5,20260824T201216Z-a28f802-148558d,5.9987473690625,4,1,1000000
9.137266719928505e-09,95979957905,dense-worker-firm,rust,7.134802502901833e-08,9,1.332845334441292e-06,6,20260824T201216Z-a28f802-148558d,5.9987473690625,4,1,1000000
8.227920223333766e-09,95979957905,dense-worker-firm,rust,6.335554225438039e-08,9,1.433731118990802e-06,7,20260824T201216Z-a28f802-148558d,5.9987473690625,4,1,1000000
8.546782572301969e-09,95979957905,dense-worker-firm,rust,6.64538359010441e-08,9,1.1072955755939722e-06,8,20260824T201216Z-a28f802-148558d,5.9987473690625,4,1,1000000
8.464935456137973e-09,95979957905,dense-worker-firm,rust,6.529261735035232e-08,9,1.3337777747553724e-06,9,20260824T201216Z-a28f802-148558d,5.9987473690625,4,1,1000000
8.0522796483299e-09,95979957905,dense-worker-firm,rust,6.26312100916791e-08,9,1.1756104205034289e-06,10,20260824T201216Z-a28f802-148558d,5.9987473690625,4,1,1000000
8.201953666442424e-09,95979957905,dense-worker-firm,rust,6.318895814261662e-08,9,1.4183698186131032e-06,11,20260824T201216Z-a28f802-148558d,5.9987473690625,4,1,1000000
8.81330266435786e-09,95979957905,dense-worker-firm,rust,6.836744984825767e-08,9,1.3696481188338947e-06,12,20260824T201216Z-a28f802-148558d,5.9987473690625,4,1,1000000
8.093660749814738e-09,95979957905,dense-worker-firm,rust,6.25134374423334e-08,9,1.1566910117430778e-06,13,20260824T201216Z-a28f802-148558d,5.9987473690625,4,1,1000000
9.477427456579321e-09,95979957905,dense-worker-firm,rust,7.313115528350323e-08,9,1.274622139102645e-06,14,20260824T201216Z-a28f802-148558d,5.9987473690625,4,1,1000000
8.612968717329846e-09,95979957905,dense-worker-firm,rust,6.639158161055272e-08,9,1.2723049468060935e-06,15,20260824T201216Z-a28f802-148558d,5.9987473690625,4,1,1000000
7.870303165627909e-09,95979957905,dense-worker-firm,rust,6.085090042369112e-08,9,1.2489120581187717e-06,16,20260824T201216Z-a28f802-148558d,5.9987473690625,4,1,1000000
8.794504230289737e-09,13579879803,dense-worker-firm,rust,6.76058388382483e-08,9,1.325816247834302e-06,1,20260824T201216Z-a28f802-148558d,0.8487424876875,4,16,1000000
8.419359529867706e-09,13579879803,dense-worker-firm,rust,6.601884921574154e-08,9,1.3222366064261614e-06,2,20260824T201216Z-a28f802-148558d,0.8487424876875,4,16,1000000
8.563583742409827e-09,13579879803,dense-worker-firm,rust,6.601272069748031e-08,9,1.2786860322937846e-06,3,20260824T201216Z-a28f802-148558d,0.8487424876875,4,16,1000000
9.335890102033001e-09,13579879803,dense-worker-firm,rust,7.270311896652581e-08,9,1.2937876217515265e-06,4,20260824T201216Z-a28f802-148558d,0.8487424876875,4,16,1000000
8.307647338990284e-09,13579879803,dense-worker-firm,rust,6.396049599057976e-08,9,1.2957602557105182e-06,5,20260824T201216Z-a28f802-148558d,0.8487424876875,4,16,1000000
9.137266719928505e-09,13579879803,dense-worker-firm,rust,7.134802502901833e-08,9,1.332845334441292e-06,6,20260824T201216Z-a28f802-148558d,0.8487424876875,4,16,1000000
8.227920223333766e-09,13579879803,dense-worker-firm,rust,6.335554225438039e-08,9,1.433731118990802e-06,7,20260824T201216Z-a28f802-148558d,0.8487424876875,4,16,1000000
8.546782572301969e-09,13579879803,dense-worker-firm,rust,6.64538359010441e-08,9,1.1072955755939722e-06,8,20260824T201216Z-a28f802-148558d,0.8487424876875,4,16,1000000
8.464935456137973e-09,13579879803,dense-worker-firm,rust,6.529261735035232e-08,9,1.3337777747553724e-06,9,20260824T201216Z-a28f802-148558d,0.8487424876875,4,16,1000000
8.0522796483299e-09,13579879803,dense-worker-firm,rust,6.26312100916791e-08,9,1.1756104205034289e-06,10,20260824T201216Z-a28f802-148558d,0.8487424876875,4,16,1000000
8.201953666442424e-09,13579879803,dense-worker-firm,rust,6.318895814261662e-08,9,1.4183698186131032e-06,11,20260824T201216Z-a28f802-148558d,0.8487424876875,4,16,1000000
8.81330266435786e-09,13579879803,dense-worker-firm,rust,6.836744984825767e-08,9,1.3696481188338947e-06,12,20260824T201216Z-a28f802-148558d,0.8487424876875,4,16,1000000
8.093660749814738e-09,13579879803,dense-worker-firm,rust,6.25134374423334e-08,9,1.1566910117430778e-06,13,20260824T201216Z-a28f802-148558d,0.8487424876875,4,16,1000000
9.477427456579321e-09,13579879803,dense-worker-firm,rust,7.313115528350323e-08,9,1.274622139102645e-06,14,20260824T201216Z-a28f802-148558d,0.8487424876875,4,16,1000000
8.612968717329846e-09,13579879803,dense-worker-firm,rust,6.639158161055272e-08,9,1.2723049468060935e-06,15,20260824T201216Z-a28f802-148558d,0.8487424876875,4,16,1000000
7.870303165627909e-09,13579879803,dense-worker-firm,rust,6.085090042369112e-08,9,1.2489120581187717e-06,16,20260824T201216Z-a28f802-148558d,0.8487424876875,4,16,1000000
8.794504230289737e-09,64023280161,dense-worker-firm,rust,6.76058388382483e-08,9,1.325816247834302e-06,1,20260824T201216Z-a28f802-148558d,4.0014550100625,4,2,1000000
8.419359529867706e-09,64023280161,dense-worker-firm,rust,6.601884921574154e-08,9,1.3222366064261614e-06,2,20260824T201216Z-a28f802-148558d,4.0014550100625,4,2,1000000
8.563583742409827e-09,64023280161,dense-worker-firm,rust,6.601272069748031e-08,9,1.2786860322937846e-06,3,20260824T201216Z-a28f802-148558d,4.0014550100625,4,2,1000000
9.335890102033001e-09,64023280161,dense-worker-firm,rust,7.270311896652581e-08,9,1.2937876217515265e-06,4,20260824T201216Z-a28f802-148558d,4.0014550100625,4,2,1000000
8.307647338990284e-09,64023280161,dense-worker-firm,rust,6.396049599057976e-08,9,1.2957602557105182e-06,5,20260824T201216Z-a28f802-148558d,4.0014550100625,4,2,1000000
9.137266719928505e-09,64023280161,dense-worker-firm,rust,7.134802502901833e-08,9,1.332845334441292e-06,6,20260824T201216Z-a28f802-148558d,4.0014550100625,4,2,1000000
8.227920223333766e-09,64023280161,dense-worker-firm,rust,6.335554225438039e-08,9,1.433731118990802e-06,7,20260824T201216Z-a28f802-148558d,4.0014550100625,4,2,1000000
8.546782572301969e-09,64023280161,dense-worker-firm,rust,6.64538359010441e-08,9,1.1072955755939722e-06,8,20260824T201216Z-a28f802-148558d,4.0014550100625,4,2,1000000
8.464935456137973e-09,64023280161,dense-worker-firm,rust,6.529261735035232e-08,9,1.3337777747553724e-06,9,20260824T201216Z-a28f802-148558d,4.0014550100625,4,2,1000000
8.0522796483299e-09,64023280161,dense-worker-firm,rust,6.26312100916791e-08,9,1.1756104205034289e-06,10,20260824T201216Z-a28f802-148558d,4.0014550100625,4,2,1000000
8.201953666442424e-09,64023280161,dense-worker-firm,rust,6.318895814261662e-08,9,1.4183698186131032e-06,11,20260824T201216Z-a28f802-148558d,4.0014550100625,4,2,1000000
8.81330266435786e-09,64023280161,dense-worker-firm,rust,6.836744984825767e-08,9,1.3696481188338947e-06,12,20260824T201216Z-a28f802-148558d,4.0014550100625,4,2,1000000
8.093660749814738e-09,64023280161,dense-worker-firm,rust,6.25134374423334e-08,9,1.1566910117430778e-06,13,20260824T201216Z-a28f802-148558d,4.0014550100625,4,2,1000000
9.477427456579321e-09,64023280161,dense-worker-firm,rust,7.313115528350323e-08,9,1.274622139102645e-06,14,20260824T201216Z-a28f802-148558d,4.0014550100625,4,2,1000000
8.612968717329846e-09,64023280161,dense-worker-firm,rust,6.639158161055272e-08,9,1.2723049468060935e-06,15,20260824T201216Z-a28f802-148558d,4.0014550100625,4,2,1000000
7.870303165627909e-09,64023280161,dense-worker-firm,rust,6.085090042369112e-08,9,1.2489120581187717e-06,16,20260824T201216Z-a28f802-148558d,4.0014550100625,4,2,1000000
8.794504230289737e-09,14472443412,dense-worker-firm,rust,6.76058388382483e-08,9,1.325816247834302e-06,1,20260824T201216Z-a28f802-148558d,0.90452771325,4,32,1000000
8.419359529867706e-09,14472443412,dense-worker-firm,rust,6.601884921574154e-08,9,1.3222366064261614e-06,2,20260824T201216Z-a28f802-148558d,0.90452771325,4,32,1000000
8.563583742409827e-09,14472443412,dense-worker-firm,rust,6.601272069748031e-08,9,1.2786860322937846e-06,3,20260824T201216Z-a28f802-148558d,0.90452771325,4,32,1000000
9.335890102033001e-09,14472443412,dense-worker-firm,rust,7.270311896652581e-08,9,1.2937876217515265e-06,4,20260824T201216Z-a28f802-148558d,0.90452771325,4,32,1000000
8.307647338990284e-09,14472443412,dense-worker-firm,rust,6.396049599057976e-08,9,1.2957602557105182e-06,5,20260824T201216Z-a28f802-148558d,0.90452771325,4,32,1000000
9.137266719928505e-09,14472443412,dense-worker-firm,rust,7.134802502901833e-08,9,1.332845334441292e-06,6,20260824T201216Z-a28f802-148558d,0.90452771325,4,32,1000000
8.227920223333766e-09,14472443412,dense-worker-firm,rust,6.335554225438039e-08,9,1.433731118990802e-06,7,20260824T201216Z-a28f802-148558d,0.90452771325,4,32,1000000
8.546782572301969e-09,14472443412,dense-worker-firm,rust,6.64538359010441e-08,9,1.1072955755939722e-06,8,20260824T201216Z-a28f802-148558d,0.90452771325,4,32,1000000
8.464935456137973e-09,14472443412,dense-worker-firm,rust,6.529261735035232e-08,9,1.3337777747553724e-06,9,20260824T201216Z-a28f802-148558d,0.90452771325,4,32,1000000
8.0522796483299e-09,14472443412,dense-worker-firm,rust,6.26312100916791e-08,9,1.1756104205034289e-06,10,20260824T201216Z-a28f802-148558d,0.90452771325,4,32,1000000
8.201953666442424e-09,14472443412,dense-worker-firm,rust,6.318895814261662e-08,9,1.4183698186131032e-06,11,20260824T201216Z-a28f802-148558d,0.90452771325,4,32,1000000
8.81330266435786e-09,14472443412,dense-worker-firm,rust,6.836744984825767e-08,9,1.3696481188338947e-06,12,20260824T201216Z-a28f802-148558d,0.90452771325,4,32,1000000
8.093660749814738e-09,14472443412,dense-worker-firm,rust,6.25134374423334e-08,9,1.1566910117430778e-06,13,20260824T201216Z-a28f802-148558d,0.90452771325,4,32,1000000
9.477427456579321e-09,14472443412,dense-worker-firm,rust,7.313115528350323e-08,9,1.274622139102645e-06,14,20260824T201216Z-a28f802-148558d,0.90452771325,4,32,1000000
8.612968717329846e-09,14472443412,dense-worker-firm,rust,6.639158161055272e-08,9,1.2723049468060935e-06,15,20260824T201216Z-a28f802-148558d,0.90452771325,4,32,1000000
7.870303165627909e-09,14472443412,dense-worker-firm,rust,6.085090042369112e-08,9,1.2489120581187717e-06,16,20260824T201216Z-a28f802-148558d,0.90452771325,4,32,1000000
8.794504230289737e-09,35434970424,dense-worker-firm,rust,6.76058388382483e-08,9,1.325816247834302e-06,1,20260824T201216Z-a28f802-148558d,2.2146856515,4,4,1000000
8.419359529867706e-09,35434970424,dense-worker-firm,rust,6.601884921574154e-08,9,1.3222366064261614e-06,2,20260824T201216Z-a28f802-148558d,2.2146856515,4,4,1000000
8.563583742409827e-09,35434970424,dense-worker-firm,rust,6.601272069748031e-08,9,1.2786860322937846e-06,3,20260824T201216Z-a28f802-148558d,2.2146856515,4,4,1000000
9.335890102033001e-09,35434970424,dense-worker-firm,rust,7.270311896652581e-08,9,1.2937876217515265e-06,4,20260824T201216Z-a28f802-148558d,2.2146856515,4,4,1000000
8.307647338990284e-09,35434970424,dense-worker-firm,rust,6.396049599057976e-08,9,1.2957602557105182e-06,5,20260824T201216Z-a28f802-148558d,2.2146856515,4,4,1000000
9.137266719928505e-09,35434970424,dense-worker-firm,rust,7.134802502901833e-08,9,1.332845334441292e-06,6,20260824T201216Z-a28f802-148558d,2.2146856515,4,4,1000000
8.227920223333766e-09,35434970424,dense-worker-firm,rust,6.335554225438039e-08,9,1.433731118990802e-06,7,20260824T201216Z-a28f802-148558d,2.2146856515,4,4,1000000
8.546782572301969e-09,35434970424,dense-worker-firm,rust,6.64538359010441e-08,9,1.1072955755939722e-06,8,20260824T201216Z-a28f802-148558d,2.2146856515,4,4,1000000
8.464935456137973e-09,35434970424,dense-worker-firm,rust,6.529261735035232e-08,9,1.3337777747553724e-06,9,20260824T201216Z-a28f802-148558d,2.2146856515,4,4,1000000
8.0522796483299e-09,35434970424,dense-worker-firm,rust,6.26312100916791e-08,9,1.1756104205034289e-06,10,20260824T201216Z-a28f802-148558d,2.2146856515,4,4,1000000
8.201953666442424e-09,35434970424,dense-worker-firm,rust,6.318895814261662e-08,9,1.4183698186131032e-06,11,20260824T201216Z-a28f802-148558d,2.2146856515,4,4,1000000
8.81330266435786e-09,35434970424,dense-worker-firm,rust,6.836744984825767e-08,9,1.3696481188338947e-06,12,20260824T201216Z-a28f802-148558d,2.2146856515,4,4,1000000
8.093660749814738e-09,35434970424,dense-worker-firm,rust,6.25134374423334e-08,9,1.1566910117430778e-06,13,20260824T201216Z-a28f802-148558d,2.2146856515,4,4,1000000
9.477427456579321e-09,35434970424,dense-worker-firm,rust,7.313115528350323e-08,9,1.274622139102645e-06,14,20260824T201216Z-a28f802-148558d,2.2146856515,4,4,1000000
8.612968717329846e-09,35434970424,dense-worker-firm,rust,6.639158161055272e-08,9,1.2723049468060935e-06,15,20260824T201216Z-a28f802-148558d,2.2146856515,4,4,1000000
7.870303165627909e-09,35434970424,dense-worker-firm,rust,6.085090042369112e-08,9,1.2489120581187717e-06,16,20260824T201216Z-a28f802-148558d,2.2146856515,4,4,1000000
8.794504230289737e-09,21429568788,dense-worker-firm,rust,6.76058388382483e-08,9,1.325816247834302e-06,1,20260824T201216Z-a28f802-148558d,1.33934804925,4,8,1000000
8.419359529867706e-09,21429568788,dense-worker-firm,rust,6.601884921574154e-08,9,1.3222366064261614e-06,2,20260824T201216Z-a28f802-148558d,1.33934804925,4,8,1000000
8.563583742409827e-09,21429568788,dense-worker-firm,rust,6.601272069748031e-08,9,1.2786860322937846e-06,3,20260824T201216Z-a28f802-148558d,1.33934804925,4,8,1000000
9.335890102033001e-09,21429568788,dense-worker-firm,rust,7.270311896652581e-08,9,1.2937876217515265e-06,4,20260824T201216Z-a28f802-148558d,1.33934804925,4,8,1000000
8.307647338990284e-09,21429568788,dense-worker-firm,rust,6.396049599057976e-08,9,1.2957602557105182e-06,5,20260824T201216Z-a28f802-148558d,1.33934804925,4,8,1000000
9.137266719928505e-09,21429568788,dense-worker-firm,rust,7.134802502901833e-08,9,1.332845334441292e-06,6,20260824T201216Z-a28f802-148558d,1.33934804925,4,8,1000000
8.227920223333766e-09,21429568788,dense-worker-firm,rust,6.335554225438039e-08,9,1.433731118990802e-06,7,20260824T201216Z-a28f802-148558d,1.33934804925,4,8,1000000
8.546782572301969e-09,21429568788,dense-worker-firm,rust,6.64538359010441e-08,9,1.1072955755939722e-06,8,20260824T201216Z-a28f802-148558d,1.33934804925,4,8,1000000
8.464935456137973e-09,21429568788,dense-worker-firm,rust,6.529261735035232e-08,9,1.3337777747553724e-06,9,20260824T201216Z-a28f802-148558d,1.33934804925,4,8,1000000
8.0522796483299e-09,21429568788,dense-worker-firm,rust,6.26312100916791e-08,9,1.1756104205034289e-06,10,20260824T201216Z-a28f802-148558d,1.33934804925,4,8,1000000
8.201953666442424e-09,21429568788,dense-worker-firm,rust,6.318895814261662e-08,9,1.4183698186131032e-06,11,20260824T201216Z-a28f802-148558d,1.33934804925,4,8,1000000
8.81330266435786e-09,21429568788,dense-worker-firm,rust,6.836744984825767e-08,9,1.3696481188338947e-06,12,20260824T201216Z-a28f802-148558d,1.33934804925,4,8,1000000
8.093660749814738e-09,21429568788,dense-worker-firm,rust,6.25134374423334e-08,9,1.1566910117430778e-06,13,20260824T201216Z-a28f802-148558d,1.33934804925,4,8,1000000
9.477427456579321e-09,21429568788,dense-worker-firm,rust,7.313115528350323e-08,9,1.274622139102645e-06,14,20260824T201216Z-a28f802-148558d,1.33934804925,4,8,1000000
8.612968717329846e-09,21429568788,dense-worker-firm,rust,6.639158161055272e-08,9,1.2723049468060935e-06,15,20260824T201216Z-a28f802-148558d,1.33934804925,4,8,1000000
7.870303165627909e-09,21429568788,dense-worker-firm,rust,6.085090042369112e-08,9,1.2489120581187717e-06,16,20260824T201216Z-a28f802-148558d,1.33934804925,4,8,1000000
